"series_code","period","value","vintage"
"CPS00000","2008-01",41.9,"2026-08-26 15:43:40 UTC"
"CPS00000","2008-02",42.2,"2026-08-26 15:43:40 UTC"
"CPS00000","2008-03",42.8,"2026-08-26 15:43:40 UTC"
"CPS00000","2008-04",43,"2026-08-26 15:43:40 UTC"
"CPS00000","2008-05",43.3,"2026-08-26 15:43:40 UTC"
"CPS00000","2008-06",43.9,"2026-08-26 15:43:40 UTC"
"CPS00000","2008-07",44.5,"2026-08-26 15:43:40 UTC"
"CPS00000","2008-08",44.8,"2026-08-26 15:43:40 UTC"
"CPS00000","2008-09",45,"2026-08-26 15:43:40 UTC"
"CPS00000","2008-10",45,"2026-08-26 15:43:40 UTC"
"CPS00000","2008-11",45.1,"2026-08-26 15:43:40 UTC"
"CPS00000","2008-12",45,"2026-08-26 15:43:40 UTC"
"CPS00000","2009-01",45.3,"2026-08-26 15:43:40 UTC"
"CPS00000","2009-02",45.7,"2026-08-26 15:43:40 UTC"
"CPS00000","2009-03",46.4,"2026-08-26 15:43:40 UTC"
"CPS00000","2009-04",46.6,"2026-08-26 15:43:40 UTC"
"CPS00000","2009-05",46.8,"2026-08-26 15:43:40 UTC"
"CPS00000","2009-06",47,"2026-08-26 15:43:40 UTC"
"CPS00000","2009-07",47.5,"2026-08-26 15:43:40 UTC"
"CPS00000","2009-08",47.5,"2026-08-26 15:43:40 UTC"
"CPS00000","2009-09",47.9,"2026-08-26 15:43:40 UTC"
"CPS00000","2009-10",47.9,"2026-08-26 15:43:40 UTC"
"CPS00000","2009-11",47.9,"2026-08-26 15:43:40 UTC"
"CPS00000","2009-12",47.9,"2026-08-26 15:43:40 UTC"
"CPS00000","2010-01",48.1,"2026-08-26 15:43:40 UTC"
"CPS00000","2010-02",48.4,"2026-08-26 15:43:40 UTC"
"CPS00000","2010-03",48.8,"2026-08-26 15:43:40 UTC"
"CPS00000","2010-04",48.8,"2026-08-26 15:43:40 UTC"
"CPS00000","2010-05",48.9,"2026-08-26 15:43:40 UTC"
"CPS00000","2010-06",48.9,"2026-08-26 15:43:40 UTC"
"CPS00000","2010-07",49.3,"2026-08-26 15:43:40 UTC"
"CPS00000","2010-08",49.3,"2026-08-26 15:43:40 UTC"
"CPS00000","2010-09",49.3,"2026-08-26 15:43:40 UTC"
"CPS00000","2010-10",49.4,"2026-08-26 15:43:40 UTC"
"CPS00000","2010-11",49.5,"2026-08-26 15:43:40 UTC"
"CPS00000","2010-12",49.6,"2026-08-26 15:43:40 UTC"
"CPS00000","2011-01",49.9,"2026-08-26 15:43:40 UTC"
"CPS00000","2011-02",50.1,"2026-08-26 15:43:40 UTC"
"CPS00000","2011-03",50.7,"2026-08-26 15:43:40 UTC"
"CPS00000","2011-04",51,"2026-08-26 15:43:40 UTC"
"CPS00000","2011-05",51.2,"2026-08-26 15:43:40 UTC"
"CPS00000","2011-06",51.4,"2026-08-26 15:43:40 UTC"
"CPS00000","2011-07",51.8,"2026-08-26 15:43:40 UTC"
"CPS00000","2011-08",51.9,"2026-08-26 15:43:40 UTC"
"CPS00000","2011-09",52.1,"2026-08-26 15:43:40 UTC"
"CPS00000","2011-10",52.4,"2026-08-26 15:43:40 UTC"
"CPS00000","2011-11",52.5,"2026-08-26 15:43:40 UTC"
"CPS00000","2011-12",52.6,"2026-08-26 15:43:40 UTC"
"CPS00000","2012-01",52.9,"2026-08-26 15:43:40 UTC"
"CPS00000","2012-02",53.2,"2026-08-26 15:43:40 UTC"
"CPS00000","2012-03",53.8,"2026-08-26 15:43:40 UTC"
"CPS00000","2012-04",54,"2026-08-26 15:43:40 UTC"
"CPS00000","2012-05",54,"2026-08-26 15:43:40 UTC"
"CPS00000","2012-06",54.3,"2026-08-26 15:43:40 UTC"
"CPS00000","2012-07",54.3,"2026-08-26 15:43:40 UTC"
"CPS00000","2012-08",54.5,"2026-08-26 15:43:40 UTC"
"CPS00000","2012-09",55,"2026-08-26 15:43:40 UTC"
"CPS00000","2012-10",55.4,"2026-08-26 15:43:40 UTC"
"CPS00000","2012-11",55.5,"2026-08-26 15:43:40 UTC"
"CPS00000","2012-12",55.6,"2026-08-26 15:43:40 UTC"
"CPS00000","2013-01",55.7,"2026-08-26 15:43:40 UTC"
"CPS00000","2013-02",56.3,"2026-08-26 15:43:40 UTC"
"CPS00000","2013-03",57,"2026-08-26 15:43:40 UTC"
"CPS00000","2013-04",57.2,"2026-08-26 15:43:40 UTC"
"CPS00000","2013-05",57.1,"2026-08-26 15:43:40 UTC"
"CPS00000","2013-06",57.2,"2026-08-26 15:43:40 UTC"
"CPS00000","2013-07",57.8,"2026-08-26 15:43:40 UTC"
"CPS00000","2013-08",58,"2026-08-26 15:43:40 UTC"
"CPS00000","2013-09",58.2,"2026-08-26 15:43:40 UTC"
"CPS00000","2013-10",58.4,"2026-08-26 15:43:40 UTC"
"CPS00000","2013-11",58.5,"2026-08-26 15:43:40 UTC"
"CPS00000","2013-12",58.6,"2026-08-26 15:43:40 UTC"
"CPS00000","2014-01",59,"2026-08-26 15:43:40 UTC"
"CPS00000","2014-02",59.6,"2026-08-26 15:43:40 UTC"
"CPS00000","2014-03",60.5,"2026-08-26 15:43:40 UTC"
"CPS00000","2014-04",60.7,"2026-08-26 15:43:40 UTC"
"CPS00000","2014-05",60.8,"2026-08-26 15:43:40 UTC"
"CPS00000","2014-06",61.1,"2026-08-26 15:43:40 UTC"
"CPS00000","2014-07",61.5,"2026-08-26 15:43:40 UTC"
"CPS00000","2014-08",61.8,"2026-08-26 15:43:40 UTC"
"CPS00000","2014-09",61.8,"2026-08-26 15:43:40 UTC"
"CPS00000","2014-10",61.8,"2026-08-26 15:43:40 UTC"
"CPS00000","2014-11",61.8,"2026-08-26 15:43:40 UTC"
"CPS00000","2014-12",61.8,"2026-08-26 15:43:40 UTC"
"CPS00000","2015-01",61.7,"2026-08-26 15:43:40 UTC"
"CPS00000","2015-02",62,"2026-08-26 15:43:40 UTC"
"CPS00000","2015-03",62.9,"2026-08-26 15:43:40 UTC"
"CPS00000","2015-04",63.5,"2026-08-26 15:43:40 UTC"
"CPS00000","2015-05",63.6,"2026-08-26 15:43:40 UTC"
"CPS00000","2015-06",63.9,"2026-08-26 15:43:40 UTC"
"CPS00000","2015-07",64.6,"2026-08-26 15:43:40 UTC"
"CPS00000","2015-08",64.6,"2026-08-26 15:43:40 UTC"
"CPS00000","2015-09",64.6,"2026-08-26 15:43:40 UTC"
"CPS00000","2015-10",64.7,"2026-08-26 15:43:40 UTC"
"CPS00000","2015-11",64.8,"2026-08-26 15:43:40 UTC"
"CPS00000","2015-12",64.9,"2026-08-26 15:43:40 UTC"
"CPS00000","2016-01",65.5,"2026-08-26 15:43:40 UTC"
"CPS00000","2016-02",66.4,"2026-08-26 15:43:40 UTC"
"CPS00000","2016-03",66.8,"2026-08-26 15:43:40 UTC"
"CPS00000","2016-04",67.4,"2026-08-26 15:43:40 UTC"
"CPS00000","2016-05",67.5,"2026-08-26 15:43:40 UTC"
"CPS00000","2016-06",67.9,"2026-08-26 15:43:40 UTC"
"CPS00000","2016-07",68.5,"2026-08-26 15:43:40 UTC"
"CPS00000","2016-08",68.4,"2026-08-26 15:43:40 UTC"
"CPS00000","2016-09",68.5,"2026-08-26 15:43:40 UTC"
"CPS00000","2016-10",68.9,"2026-08-26 15:43:40 UTC"
"CPS00000","2016-11",69.1,"2026-08-26 15:43:40 UTC"
"CPS00000","2016-12",69.3,"2026-08-26 15:43:40 UTC"
"CPS00000","2017-01",69.8,"2026-08-26 15:43:40 UTC"
"CPS00000","2017-02",70.5,"2026-08-26 15:43:40 UTC"
"CPS00000","2017-03",71,"2026-08-26 15:43:40 UTC"
"CPS00000","2017-04",71,"2026-08-26 15:43:40 UTC"
"CPS00000","2017-05",71.2,"2026-08-26 15:43:40 UTC"
"CPS00000","2017-06",71.4,"2026-08-26 15:43:40 UTC"
"CPS00000","2017-07",71.6,"2026-08-26 15:43:40 UTC"
"CPS00000","2017-08",71.7,"2026-08-26 15:43:40 UTC"
"CPS00000","2017-09",72,"2026-08-26 15:43:40 UTC"
"CPS00000","2017-10",72.2,"2026-08-26 15:43:40 UTC"
"CPS00000","2017-11",72.3,"2026-08-26 15:43:40 UTC"
"CPS00000","2017-12",72.6,"2026-08-26 15:43:40 UTC"
"CPS00000","2018-01",72.8,"2026-08-26 15:43:40 UTC"
"CPS00000","2018-02",73.4,"2026-08-26 15:43:40 UTC"
"CPS00000","2018-03",73.6,"2026-08-26 15:43:40 UTC"
"CPS00000","2018-04",74.2,"2026-08-26 15:43:40 UTC"
"CPS00000","2018-05",74.3,"2026-08-26 15:43:40 UTC"
"CPS00000","2018-06",74.6,"2026-08-26 15:43:40 UTC"
"CPS00000","2018-07",75.3,"2026-08-26 15:43:40 UTC"
"CPS00000","2018-08",75.2,"2026-08-26 15:43:40 UTC"
"CPS00000","2018-09",75.5,"2026-08-26 15:43:40 UTC"
"CPS00000","2018-10",75.9,"2026-08-26 15:43:40 UTC"
"CPS00000","2018-11",76,"2026-08-26 15:43:40 UTC"
"CPS00000","2018-12",75.9,"2026-08-26 15:43:40 UTC"
"CPS00000","2019-01",75.7,"2026-08-26 15:43:40 UTC"
"CPS00000","2019-02",76.3,"2026-08-26 15:43:40 UTC"
"CPS00000","2019-03",77,"2026-08-26 15:43:40 UTC"
"CPS00000","2019-04",77.4,"2026-08-26 15:43:40 UTC"
"CPS00000","2019-05",77.7,"2026-08-26 15:43:40 UTC"
"CPS00000","2019-06",78,"2026-08-26 15:43:40 UTC"
"CPS00000","2019-07",78.2,"2026-08-26 15:43:40 UTC"
"CPS00000","2019-08",78.5,"2026-08-26 15:43:40 UTC"
"CPS00000","2019-09",78.6,"2026-08-26 15:43:40 UTC"
"CPS00000","2019-10",78.6,"2026-08-26 15:43:40 UTC"
"CPS00000","2019-11",78.7,"2026-08-26 15:43:40 UTC"
"CPS00000","2019-12",78.9,"2026-08-26 15:43:40 UTC"
"CPS00000","2020-01",79.2,"2026-08-26 15:43:40 UTC"
"CPS00000","2020-02",79.9,"2026-08-26 15:43:40 UTC"
"CPS00000","2020-03",80.2,"2026-08-26 15:43:40 UTC"
"CPS00000","2020-04",79.8,"2026-08-26 15:43:40 UTC"
"CPS00000","2020-05",79.2,"2026-08-26 15:43:40 UTC"
"CPS00000","2020-06",79.7,"2026-08-26 15:43:40 UTC"
"CPS00000","2020-07",80.7,"2026-08-26 15:43:40 UTC"
"CPS00000","2020-08",80.9,"2026-08-26 15:43:40 UTC"
"CPS00000","2020-09",81,"2026-08-26 15:43:40 UTC"
"CPS00000","2020-10",81.2,"2026-08-26 15:43:40 UTC"
"CPS00000","2020-11",81.2,"2026-08-26 15:43:40 UTC"
"CPS00000","2020-12",81.3,"2026-08-26 15:43:40 UTC"
"CPS00000","2021-01",81.7,"2026-08-26 15:43:40 UTC"
"CPS00000","2021-02",82.2,"2026-08-26 15:43:40 UTC"
"CPS00000","2021-03",82.8,"2026-08-26 15:43:40 UTC"
"CPS00000","2021-04",83.3,"2026-08-26 15:43:40 UTC"
"CPS00000","2021-05",83.4,"2026-08-26 15:43:40 UTC"
"CPS00000","2021-06",83.5,"2026-08-26 15:43:40 UTC"
"CPS00000","2021-07",84.5,"2026-08-26 15:43:40 UTC"
"CPS00000","2021-08",84.8,"2026-08-26 15:43:40 UTC"
"CPS00000","2021-09",85,"2026-08-26 15:43:40 UTC"
"CPS00000","2021-10",85.3,"2026-08-26 15:43:40 UTC"
"CPS00000","2021-11",85.6,"2026-08-26 15:43:40 UTC"
"CPS00000","2021-12",86.1,"2026-08-26 15:43:40 UTC"
"CPS00000","2022-01",86.3,"2026-08-26 15:43:40 UTC"
"CPS00000","2022-02",86.8,"2026-08-26 15:43:40 UTC"
"CPS00000","2022-03",87.7,"2026-08-26 15:43:40 UTC"
"CPS00000","2022-04",88.2,"2026-08-26 15:43:40 UTC"
"CPS00000","2022-05",88.8,"2026-08-26 15:43:40 UTC"
"CPS00000","2022-06",89.8,"2026-08-26 15:43:40 UTC"
"CPS00000","2022-07",91.1,"2026-08-26 15:43:40 UTC"
"CPS00000","2022-08",91.3,"2026-08-26 15:43:40 UTC"
"CPS00000","2022-09",91.4,"2026-08-26 15:43:40 UTC"
"CPS00000","2022-10",91.7,"2026-08-26 15:43:40 UTC"
"CPS00000","2022-11",92,"2026-08-26 15:43:40 UTC"
"CPS00000","2022-12",92.3,"2026-08-26 15:43:40 UTC"
"CPS00000","2023-01",92.2,"2026-08-26 15:43:40 UTC"
"CPS00000","2023-02",92.9,"2026-08-26 15:43:40 UTC"
"CPS00000","2023-03",93.9,"2026-08-26 15:43:40 UTC"
"CPS00000","2023-04",94.2,"2026-08-26 15:43:40 UTC"
"CPS00000","2023-05",94.4,"2026-08-26 15:43:40 UTC"
"CPS00000","2023-06",94.6,"2026-08-26 15:43:40 UTC"
"CPS00000","2023-07",95.4,"2026-08-26 15:43:40 UTC"
"CPS00000","2023-08",95.7,"2026-08-26 15:43:40 UTC"
"CPS00000","2023-09",96.3,"2026-08-26 15:43:40 UTC"
"CPS00000","2023-10",97.2,"2026-08-26 15:43:40 UTC"
"CPS00000","2023-11",97.1,"2026-08-26 15:43:40 UTC"
"CPS00000","2023-12",97.1,"2026-08-26 15:43:40 UTC"
"CPS00000","2024-01",97.2,"2026-08-26 15:43:40 UTC"
"CPS00000","2024-02",98.1,"2026-08-26 15:43:40 UTC"
"CPS00000","2024-03",98.9,"2026-08-26 15:43:40 UTC"
"CPS00000","2024-04",99.1,"2026-08-26 15:43:40 UTC"
"CPS00000","2024-05",99.3,"2026-08-26 15:43:40 UTC"
"CPS00000","2024-06",99.4,"2026-08-26 15:43:40 UTC"
"CPS00000","2024-07",99.8,"2026-08-26 15:43:40 UTC"
"CPS00000","2024-08",99.9,"2026-08-26 15:43:40 UTC"
"CPS00000","2024-09",100,"2026-08-26 15:43:40 UTC"
"CPS00000","2024-10",99.9,"2026-08-26 15:43:40 UTC"
"CPS00000","2024-11",99.9,"2026-08-26 15:43:40 UTC"
"CPS00000","2024-12",100,"2026-08-26 15:43:40 UTC"
"CPS00000","2025-01",100.3,"2026-08-26 15:43:40 UTC"
"CPS00000","2025-02",101.2,"2026-08-26 15:43:40 UTC"
"CPS00000","2025-03",101.6,"2026-08-26 15:43:40 UTC"
"CPS00000","2025-04",101.9,"2026-08-26 15:43:40 UTC"
"CPS00000","2025-05",102.1,"2026-08-26 15:43:40 UTC"
"CPS00000","2025-06",102.4,"2026-08-26 15:43:40 UTC"
"CPS00000","2025-07",103.3,"2026-08-26 15:43:40 UTC"
"CPS00000","2025-08",103.2,"2026-08-26 15:43:40 UTC"
"CPS00000","2025-09",103.4,"2026-08-26 15:43:40 UTC"
"CPS00000","2025-10",103.5,"2026-08-26 15:43:40 UTC"
"CPS00000","2025-11",103.4,"2026-08-26 15:43:40 UTC"
"CPS00000","2025-12",103.6,"2026-08-26 15:43:40 UTC"
"CPS00000","2026-01",103.8,"2026-08-26 15:43:40 UTC"
"CPS00000","2026-02",104.2,"2026-08-26 15:43:40 UTC"
"CPS00000","2026-03",104.8,"2026-08-26 15:43:40 UTC"
"CPS00000","2026-04",106,"2026-08-26 15:43:40 UTC"
"CPS00000","2026-05",106.7,"2026-08-26 15:43:40 UTC"
"CPS00000","2026-06",107.5,"2026-08-26 15:43:40 UTC"
"CPS00000","2026-07",107.7,"2026-08-26 15:43:40 UTC"
"CPS00014","2008-01",46.3,"2026-08-26 15:43:40 UTC"
"CPS00014","2008-02",46.5,"2026-08-26 15:43:40 UTC"
"CPS00014","2008-03",47.1,"2026-08-26 15:43:40 UTC"
"CPS00014","2008-04",47.2,"2026-08-26 15:43:40 UTC"
"CPS00014","2008-05",47.3,"2026-08-26 15:43:40 UTC"
"CPS00014","2008-06",47.8,"2026-08-26 15:43:40 UTC"
"CPS00014","2008-07",48.1,"2026-08-26 15:43:40 UTC"
"CPS00014","2008-08",48.4,"2026-08-26 15:43:40 UTC"
"CPS00014","2008-09",48.8,"2026-08-26 15:43:40 UTC"
"CPS00014","2008-10",49,"2026-08-26 15:43:40 UTC"
"CPS00014","2008-11",49.1,"2026-08-26 15:43:40 UTC"
"CPS00014","2008-12",49.3,"2026-08-26 15:43:40 UTC"
"CPS00014","2009-01",49.6,"2026-08-26 15:43:40 UTC"
"CPS00014","2009-02",50.2,"2026-08-26 15:43:40 UTC"
"CPS00014","2009-03",50.9,"2026-08-26 15:43:40 UTC"
"CPS00014","2009-04",51.1,"2026-08-26 15:43:40 UTC"
"CPS00014","2009-05",51.3,"2026-08-26 15:43:40 UTC"
"CPS00014","2009-06",51.5,"2026-08-26 15:43:40 UTC"
"CPS00014","2009-07",51.9,"2026-08-26 15:43:40 UTC"
"CPS00014","2009-08",52.1,"2026-08-26 15:43:40 UTC"
"CPS00014","2009-09",52.2,"2026-08-26 15:43:40 UTC"
"CPS00014","2009-10",52.2,"2026-08-26 15:43:40 UTC"
"CPS00014","2009-11",52.2,"2026-08-26 15:43:40 UTC"
"CPS00014","2009-12",52.4,"2026-08-26 15:43:40 UTC"
"CPS00014","2010-01",52.5,"2026-08-26 15:43:40 UTC"
"CPS00014","2010-02",52.9,"2026-08-26 15:43:40 UTC"
"CPS00014","2010-03",53.4,"2026-08-26 15:43:40 UTC"
"CPS00014","2010-04",53.4,"2026-08-26 15:43:40 UTC"
"CPS00014","2010-05",53.4,"2026-08-26 15:43:40 UTC"
"CPS00014","2010-06",53.7,"2026-08-26 15:43:40 UTC"
"CPS00014","2010-07",53.7,"2026-08-26 15:43:40 UTC"
"CPS00014","2010-08",53.7,"2026-08-26 15:43:40 UTC"
"CPS00014","2010-09",53.9,"2026-08-26 15:43:40 UTC"
"CPS00014","2010-10",54,"2026-08-26 15:43:40 UTC"
"CPS00014","2010-11",54,"2026-08-26 15:43:40 UTC"
"CPS00014","2010-12",54.1,"2026-08-26 15:43:40 UTC"
"CPS00014","2011-01",54.1,"2026-08-26 15:43:40 UTC"
"CPS00014","2011-02",54.4,"2026-08-26 15:43:40 UTC"
"CPS00014","2011-03",55,"2026-08-26 15:43:40 UTC"
"CPS00014","2011-04",55.2,"2026-08-26 15:43:40 UTC"
"CPS00014","2011-05",55.2,"2026-08-26 15:43:40 UTC"
"CPS00014","2011-06",55.4,"2026-08-26 15:43:40 UTC"
"CPS00014","2011-07",55.8,"2026-08-26 15:43:40 UTC"
"CPS00014","2011-08",55.8,"2026-08-26 15:43:40 UTC"
"CPS00014","2011-09",55.9,"2026-08-26 15:43:40 UTC"
"CPS00014","2011-10",56,"2026-08-26 15:43:40 UTC"
"CPS00014","2011-11",56.1,"2026-08-26 15:43:40 UTC"
"CPS00014","2011-12",56.2,"2026-08-26 15:43:40 UTC"
"CPS00014","2012-01",56.5,"2026-08-26 15:43:40 UTC"
"CPS00014","2012-02",56.7,"2026-08-26 15:43:40 UTC"
"CPS00014","2012-03",57.5,"2026-08-26 15:43:40 UTC"
"CPS00014","2012-04",57.6,"2026-08-26 15:43:40 UTC"
"CPS00014","2012-05",57.6,"2026-08-26 15:43:40 UTC"
"CPS00014","2012-06",58,"2026-08-26 15:43:40 UTC"
"CPS00014","2012-07",58.3,"2026-08-26 15:43:40 UTC"
"CPS00014","2012-08",58.4,"2026-08-26 15:43:40 UTC"
"CPS00014","2012-09",58.6,"2026-08-26 15:43:40 UTC"
"CPS00014","2012-10",58.7,"2026-08-26 15:43:40 UTC"
"CPS00014","2012-11",58.8,"2026-08-26 15:43:40 UTC"
"CPS00014","2012-12",58.9,"2026-08-26 15:43:40 UTC"
"CPS00014","2013-01",59.1,"2026-08-26 15:43:40 UTC"
"CPS00014","2013-02",59.8,"2026-08-26 15:43:40 UTC"
"CPS00014","2013-03",60.4,"2026-08-26 15:43:40 UTC"
"CPS00014","2013-04",60.6,"2026-08-26 15:43:40 UTC"
"CPS00014","2013-05",60.7,"2026-08-26 15:43:40 UTC"
"CPS00014","2013-06",61,"2026-08-26 15:43:40 UTC"
"CPS00014","2013-07",61.3,"2026-08-26 15:43:40 UTC"
"CPS00014","2013-08",61.4,"2026-08-26 15:43:40 UTC"
"CPS00014","2013-09",61.7,"2026-08-26 15:43:40 UTC"
"CPS00014","2013-10",61.8,"2026-08-26 15:43:40 UTC"
"CPS00014","2013-11",61.9,"2026-08-26 15:43:40 UTC"
"CPS00014","2013-12",62,"2026-08-26 15:43:40 UTC"
"CPS00014","2014-01",62.2,"2026-08-26 15:43:40 UTC"
"CPS00014","2014-02",63,"2026-08-26 15:43:40 UTC"
"CPS00014","2014-03",63.8,"2026-08-26 15:43:40 UTC"
"CPS00014","2014-04",64,"2026-08-26 15:43:40 UTC"
"CPS00014","2014-05",64.1,"2026-08-26 15:43:40 UTC"
"CPS00014","2014-06",64.4,"2026-08-26 15:43:40 UTC"
"CPS00014","2014-07",64.8,"2026-08-26 15:43:40 UTC"
"CPS00014","2014-08",64.9,"2026-08-26 15:43:40 UTC"
"CPS00014","2014-09",65.2,"2026-08-26 15:43:40 UTC"
"CPS00014","2014-10",65.3,"2026-08-26 15:43:40 UTC"
"CPS00014","2014-11",65.5,"2026-08-26 15:43:40 UTC"
"CPS00014","2014-12",65.6,"2026-08-26 15:43:40 UTC"
"CPS00014","2015-01",65.8,"2026-08-26 15:43:40 UTC"
"CPS00014","2015-02",66.6,"2026-08-26 15:43:40 UTC"
"CPS00014","2015-03",67.4,"2026-08-26 15:43:40 UTC"
"CPS00014","2015-04",67.6,"2026-08-26 15:43:40 UTC"
"CPS00014","2015-05",67.8,"2026-08-26 15:43:40 UTC"
"CPS00014","2015-06",67.9,"2026-08-26 15:43:40 UTC"
"CPS00014","2015-07",68.2,"2026-08-26 15:43:40 UTC"
"CPS00014","2015-08",68.3,"2026-08-26 15:43:40 UTC"
"CPS00014","2015-09",68.6,"2026-08-26 15:43:40 UTC"
"CPS00014","2015-10",68.7,"2026-08-26 15:43:40 UTC"
"CPS00014","2015-11",68.8,"2026-08-26 15:43:40 UTC"
"CPS00014","2015-12",69,"2026-08-26 15:43:40 UTC"
"CPS00014","2016-01",69.5,"2026-08-26 15:43:40 UTC"
"CPS00014","2016-02",70.4,"2026-08-26 15:43:40 UTC"
"CPS00014","2016-03",71.1,"2026-08-26 15:43:40 UTC"
"CPS00014","2016-04",71.3,"2026-08-26 15:43:40 UTC"
"CPS00014","2016-05",71.4,"2026-08-26 15:43:40 UTC"
"CPS00014","2016-06",71.6,"2026-08-26 15:43:40 UTC"
"CPS00014","2016-07",72.1,"2026-08-26 15:43:40 UTC"
"CPS00014","2016-08",72.2,"2026-08-26 15:43:40 UTC"
"CPS00014","2016-09",72.5,"2026-08-26 15:43:40 UTC"
"CPS00014","2016-10",72.6,"2026-08-26 15:43:40 UTC"
"CPS00014","2016-11",72.7,"2026-08-26 15:43:40 UTC"
"CPS00014","2016-12",73,"2026-08-26 15:43:40 UTC"
"CPS00014","2017-01",73.3,"2026-08-26 15:43:40 UTC"
"CPS00014","2017-02",74.1,"2026-08-26 15:43:40 UTC"
"CPS00014","2017-03",74.6,"2026-08-26 15:43:40 UTC"
"CPS00014","2017-04",74.7,"2026-08-26 15:43:40 UTC"
"CPS00014","2017-05",74.8,"2026-08-26 15:43:40 UTC"
"CPS00014","2017-06",75.1,"2026-08-26 15:43:40 UTC"
"CPS00014","2017-07",75.5,"2026-08-26 15:43:40 UTC"
"CPS00014","2017-08",75.5,"2026-08-26 15:43:40 UTC"
"CPS00014","2017-09",75.9,"2026-08-26 15:43:40 UTC"
"CPS00014","2017-10",75.9,"2026-08-26 15:43:40 UTC"
"CPS00014","2017-11",75.9,"2026-08-26 15:43:40 UTC"
"CPS00014","2017-12",76.1,"2026-08-26 15:43:40 UTC"
"CPS00014","2018-01",76.3,"2026-08-26 15:43:40 UTC"
"CPS00014","2018-02",77.2,"2026-08-26 15:43:40 UTC"
"CPS00014","2018-03",77.6,"2026-08-26 15:43:40 UTC"
"CPS00014","2018-04",78.1,"2026-08-26 15:43:40 UTC"
"CPS00014","2018-05",78.1,"2026-08-26 15:43:40 UTC"
"CPS00014","2018-06",78.2,"2026-08-26 15:43:40 UTC"
"CPS00014","2018-07",78.7,"2026-08-26 15:43:40 UTC"
"CPS00014","2018-08",78.7,"2026-08-26 15:43:40 UTC"
"CPS00014","2018-09",79,"2026-08-26 15:43:40 UTC"
"CPS00014","2018-10",79.1,"2026-08-26 15:43:40 UTC"
"CPS00014","2018-11",79.3,"2026-08-26 15:43:40 UTC"
"CPS00014","2018-12",79.5,"2026-08-26 15:43:40 UTC"
"CPS00014","2019-01",79.6,"2026-08-26 15:43:40 UTC"
"CPS00014","2019-02",80.5,"2026-08-26 15:43:40 UTC"
"CPS00014","2019-03",81.1,"2026-08-26 15:43:40 UTC"
"CPS00014","2019-04",81.3,"2026-08-26 15:43:40 UTC"
"CPS00014","2019-05",81.3,"2026-08-26 15:43:40 UTC"
"CPS00014","2019-06",81.6,"2026-08-26 15:43:40 UTC"
"CPS00014","2019-07",81.9,"2026-08-26 15:43:40 UTC"
"CPS00014","2019-08",82,"2026-08-26 15:43:40 UTC"
"CPS00014","2019-09",82.2,"2026-08-26 15:43:40 UTC"
"CPS00014","2019-10",82.3,"2026-08-26 15:43:40 UTC"
"CPS00014","2019-11",82.3,"2026-08-26 15:43:40 UTC"
"CPS00014","2019-12",82.5,"2026-08-26 15:43:40 UTC"
"CPS00014","2020-01",82.6,"2026-08-26 15:43:40 UTC"
"CPS00014","2020-02",83.6,"2026-08-26 15:43:40 UTC"
"CPS00014","2020-03",84.1,"2026-08-26 15:43:40 UTC"
"CPS00014","2020-04",84,"2026-08-26 15:43:40 UTC"
"CPS00014","2020-05",83.8,"2026-08-26 15:43:40 UTC"
"CPS00014","2020-06",84.1,"2026-08-26 15:43:40 UTC"
"CPS00014","2020-07",84.6,"2026-08-26 15:43:40 UTC"
"CPS00014","2020-08",84.8,"2026-08-26 15:43:40 UTC"
"CPS00014","2020-09",84.9,"2026-08-26 15:43:40 UTC"
"CPS00014","2020-10",85,"2026-08-26 15:43:40 UTC"
"CPS00014","2020-11",85,"2026-08-26 15:43:40 UTC"
"CPS00014","2020-12",85.2,"2026-08-26 15:43:40 UTC"
"CPS00014","2021-01",85.3,"2026-08-26 15:43:40 UTC"
"CPS00014","2021-02",85.7,"2026-08-26 15:43:40 UTC"
"CPS00014","2021-03",86.2,"2026-08-26 15:43:40 UTC"
"CPS00014","2021-04",86.4,"2026-08-26 15:43:40 UTC"
"CPS00014","2021-05",86.4,"2026-08-26 15:43:40 UTC"
"CPS00014","2021-06",86.7,"2026-08-26 15:43:40 UTC"
"CPS00014","2021-07",87.1,"2026-08-26 15:43:40 UTC"
"CPS00014","2021-08",87.4,"2026-08-26 15:43:40 UTC"
"CPS00014","2021-09",87.6,"2026-08-26 15:43:40 UTC"
"CPS00014","2021-10",87.8,"2026-08-26 15:43:40 UTC"
"CPS00014","2021-11",87.8,"2026-08-26 15:43:40 UTC"
"CPS00014","2021-12",88.1,"2026-08-26 15:43:40 UTC"
"CPS00014","2022-01",88.3,"2026-08-26 15:43:40 UTC"
"CPS00014","2022-02",88.7,"2026-08-26 15:43:40 UTC"
"CPS00014","2022-03",89.4,"2026-08-26 15:43:40 UTC"
"CPS00014","2022-04",89.8,"2026-08-26 15:43:40 UTC"
"CPS00014","2022-05",90,"2026-08-26 15:43:40 UTC"
"CPS00014","2022-06",90.5,"2026-08-26 15:43:40 UTC"
"CPS00014","2022-07",91.1,"2026-08-26 15:43:40 UTC"
"CPS00014","2022-08",91.3,"2026-08-26 15:43:40 UTC"
"CPS00014","2022-09",91.7,"2026-08-26 15:43:40 UTC"
"CPS00014","2022-10",92.2,"2026-08-26 15:43:40 UTC"
"CPS00014","2022-11",92.2,"2026-08-26 15:43:40 UTC"
"CPS00014","2022-12",92.4,"2026-08-26 15:43:40 UTC"
"CPS00014","2023-01",92.6,"2026-08-26 15:43:40 UTC"
"CPS00014","2023-02",93.3,"2026-08-26 15:43:40 UTC"
"CPS00014","2023-03",94.1,"2026-08-26 15:43:40 UTC"
"CPS00014","2023-04",94.5,"2026-08-26 15:43:40 UTC"
"CPS00014","2023-05",94.6,"2026-08-26 15:43:40 UTC"
"CPS00014","2023-06",95,"2026-08-26 15:43:40 UTC"
"CPS00014","2023-07",95.4,"2026-08-26 15:43:40 UTC"
"CPS00014","2023-08",95.7,"2026-08-26 15:43:40 UTC"
"CPS00014","2023-09",95.9,"2026-08-26 15:43:40 UTC"
"CPS00014","2023-10",96.2,"2026-08-26 15:43:40 UTC"
"CPS00014","2023-11",96.4,"2026-08-26 15:43:40 UTC"
"CPS00014","2023-12",96.6,"2026-08-26 15:43:40 UTC"
"CPS00014","2024-01",96.8,"2026-08-26 15:43:40 UTC"
"CPS00014","2024-02",98,"2026-08-26 15:43:40 UTC"
"CPS00014","2024-03",98.7,"2026-08-26 15:43:40 UTC"
"CPS00014","2024-04",98.9,"2026-08-26 15:43:40 UTC"
"CPS00014","2024-05",98.9,"2026-08-26 15:43:40 UTC"
"CPS00014","2024-06",99.3,"2026-08-26 15:43:40 UTC"
"CPS00014","2024-07",99.6,"2026-08-26 15:43:40 UTC"
"CPS00014","2024-08",99.6,"2026-08-26 15:43:40 UTC"
"CPS00014","2024-09",99.8,"2026-08-26 15:43:40 UTC"
"CPS00014","2024-10",100,"2026-08-26 15:43:40 UTC"
"CPS00014","2024-11",100,"2026-08-26 15:43:40 UTC"
"CPS00014","2024-12",100,"2026-08-26 15:43:40 UTC"
"CPS00014","2025-01",100.2,"2026-08-26 15:43:40 UTC"
"CPS00014","2025-02",101.3,"2026-08-26 15:43:40 UTC"
"CPS00014","2025-03",101.8,"2026-08-26 15:43:40 UTC"
"CPS00014","2025-04",101.9,"2026-08-26 15:43:40 UTC"
"CPS00014","2025-05",101.9,"2026-08-26 15:43:40 UTC"
"CPS00014","2025-06",102.2,"2026-08-26 15:43:40 UTC"
"CPS00014","2025-07",102.6,"2026-08-26 15:43:40 UTC"
"CPS00014","2025-08",102.7,"2026-08-26 15:43:40 UTC"
"CPS00014","2025-09",103,"2026-08-26 15:43:40 UTC"
"CPS00014","2025-10",103.1,"2026-08-26 15:43:40 UTC"
"CPS00014","2025-11",103.2,"2026-08-26 15:43:40 UTC"
"CPS00014","2025-12",103.3,"2026-08-26 15:43:40 UTC"
"CPS00014","2026-01",103.6,"2026-08-26 15:43:40 UTC"
"CPS00014","2026-02",104.3,"2026-08-26 15:43:40 UTC"
"CPS00014","2026-03",105.1,"2026-08-26 15:43:40 UTC"
"CPS00014","2026-04",105.6,"2026-08-26 15:43:40 UTC"
"CPS00014","2026-05",105.8,"2026-08-26 15:43:40 UTC"
"CPS00014","2026-06",106.4,"2026-08-26 15:43:40 UTC"
"CPS00014","2026-07",106.9,"2026-08-26 15:43:40 UTC"
"CPS01000","2008-01",34.3,"2026-08-26 15:43:40 UTC"
"CPS01000","2008-02",34.3,"2026-08-26 15:43:40 UTC"
"CPS01000","2008-03",34.8,"2026-08-26 15:43:40 UTC"
"CPS01000","2008-04",35.3,"2026-08-26 15:43:40 UTC"
"CPS01000","2008-05",35.9,"2026-08-26 15:43:40 UTC"
"CPS01000","2008-06",36.5,"2026-08-26 15:43:40 UTC"
"CPS01000","2008-07",37,"2026-08-26 15:43:40 UTC"
"CPS01000","2008-08",37.5,"2026-08-26 15:43:40 UTC"
"CPS01000","2008-09",38.1,"2026-08-26 15:43:40 UTC"
"CPS01000","2008-10",38.3,"2026-08-26 15:43:40 UTC"
"CPS01000","2008-11",38.6,"2026-08-26 15:43:40 UTC"
"CPS01000","2008-12",38.9,"2026-08-26 15:43:40 UTC"
"CPS01000","2009-01",39.7,"2026-08-26 15:43:40 UTC"
"CPS01000","2009-02",39.7,"2026-08-26 15:43:40 UTC"
"CPS01000","2009-03",39.9,"2026-08-26 15:43:40 UTC"
"CPS01000","2009-04",40.1,"2026-08-26 15:43:40 UTC"
"CPS01000","2009-05",40.3,"2026-08-26 15:43:40 UTC"
"CPS01000","2009-06",40.2,"2026-08-26 15:43:40 UTC"
"CPS01000","2009-07",40.1,"2026-08-26 15:43:40 UTC"
"CPS01000","2009-08",40.1,"2026-08-26 15:43:40 UTC"
"CPS01000","2009-09",40.1,"2026-08-26 15:43:40 UTC"
"CPS01000","2009-10",40.4,"2026-08-26 15:43:40 UTC"
"CPS01000","2009-11",40.4,"2026-08-26 15:43:40 UTC"
"CPS01000","2009-12",40.3,"2026-08-26 15:43:40 UTC"
"CPS01000","2010-01",40.6,"2026-08-26 15:43:40 UTC"
"CPS01000","2010-02",40.5,"2026-08-26 15:43:40 UTC"
"CPS01000","2010-03",40.4,"2026-08-26 15:43:40 UTC"
"CPS01000","2010-04",40.5,"2026-08-26 15:43:40 UTC"
"CPS01000","2010-05",40.6,"2026-08-26 15:43:40 UTC"
"CPS01000","2010-06",40.5,"2026-08-26 15:43:40 UTC"
"CPS01000","2010-07",40.6,"2026-08-26 15:43:40 UTC"
"CPS01000","2010-08",40.8,"2026-08-26 15:43:40 UTC"
"CPS01000","2010-09",40.6,"2026-08-26 15:43:40 UTC"
"CPS01000","2010-10",40.8,"2026-08-26 15:43:40 UTC"
"CPS01000","2010-11",41,"2026-08-26 15:43:40 UTC"
"CPS01000","2010-12",41,"2026-08-26 15:43:40 UTC"
"CPS01000","2011-01",41.9,"2026-08-26 15:43:40 UTC"
"CPS01000","2011-02",41.9,"2026-08-26 15:43:40 UTC"
"CPS01000","2011-03",42.5,"2026-08-26 15:43:40 UTC"
"CPS01000","2011-04",42.4,"2026-08-26 15:43:40 UTC"
"CPS01000","2011-05",43.2,"2026-08-26 15:43:40 UTC"
"CPS01000","2011-06",43.4,"2026-08-26 15:43:40 UTC"
"CPS01000","2011-07",43.6,"2026-08-26 15:43:40 UTC"
"CPS01000","2011-08",43.8,"2026-08-26 15:43:40 UTC"
"CPS01000","2011-09",44.2,"2026-08-26 15:43:40 UTC"
"CPS01000","2011-10",45.1,"2026-08-26 15:43:40 UTC"
"CPS01000","2011-11",45.4,"2026-08-26 15:43:40 UTC"
"CPS01000","2011-12",45.4,"2026-08-26 15:43:40 UTC"
"CPS01000","2012-01",46.2,"2026-08-26 15:43:40 UTC"
"CPS01000","2012-02",46,"2026-08-26 15:43:40 UTC"
"CPS01000","2012-03",46.1,"2026-08-26 15:43:40 UTC"
"CPS01000","2012-04",46.1,"2026-08-26 15:43:40 UTC"
"CPS01000","2012-05",46,"2026-08-26 15:43:40 UTC"
"CPS01000","2012-06",45.9,"2026-08-26 15:43:40 UTC"
"CPS01000","2012-07",45.9,"2026-08-26 15:43:40 UTC"
"CPS01000","2012-08",45.9,"2026-08-26 15:43:40 UTC"
"CPS01000","2012-09",46.8,"2026-08-26 15:43:40 UTC"
"CPS01000","2012-10",47.9,"2026-08-26 15:43:40 UTC"
"CPS01000","2012-11",48.6,"2026-08-26 15:43:40 UTC"
"CPS01000","2012-12",48.6,"2026-08-26 15:43:40 UTC"
"CPS01000","2013-01",49,"2026-08-26 15:43:40 UTC"
"CPS01000","2013-02",48.8,"2026-08-26 15:43:40 UTC"
"CPS01000","2013-03",48.7,"2026-08-26 15:43:40 UTC"
"CPS01000","2013-04",49,"2026-08-26 15:43:40 UTC"
"CPS01000","2013-05",49,"2026-08-26 15:43:40 UTC"
"CPS01000","2013-06",49,"2026-08-26 15:43:40 UTC"
"CPS01000","2013-07",49,"2026-08-26 15:43:40 UTC"
"CPS01000","2013-08",49.2,"2026-08-26 15:43:40 UTC"
"CPS01000","2013-09",49.5,"2026-08-26 15:43:40 UTC"
"CPS01000","2013-10",50,"2026-08-26 15:43:40 UTC"
"CPS01000","2013-11",50.4,"2026-08-26 15:43:40 UTC"
"CPS01000","2013-12",50.3,"2026-08-26 15:43:40 UTC"
"CPS01000","2014-01",51.1,"2026-08-26 15:43:40 UTC"
"CPS01000","2014-02",51.4,"2026-08-26 15:43:40 UTC"
"CPS01000","2014-03",52.1,"2026-08-26 15:43:40 UTC"
"CPS01000","2014-04",52.8,"2026-08-26 15:43:40 UTC"
"CPS01000","2014-05",53.3,"2026-08-26 15:43:40 UTC"
"CPS01000","2014-06",53.3,"2026-08-26 15:43:40 UTC"
"CPS01000","2014-07",53.3,"2026-08-26 15:43:40 UTC"
"CPS01000","2014-08",53.8,"2026-08-26 15:43:40 UTC"
"CPS01000","2014-09",53.8,"2026-08-26 15:43:40 UTC"
"CPS01000","2014-10",53.9,"2026-08-26 15:43:40 UTC"
"CPS01000","2014-11",54.2,"2026-08-26 15:43:40 UTC"
"CPS01000","2014-12",53.9,"2026-08-26 15:43:40 UTC"
"CPS01000","2015-01",54.5,"2026-08-26 15:43:40 UTC"
"CPS01000","2015-02",54.7,"2026-08-26 15:43:40 UTC"
"CPS01000","2015-03",55.2,"2026-08-26 15:43:40 UTC"
"CPS01000","2015-04",55.4,"2026-08-26 15:43:40 UTC"
"CPS01000","2015-05",55.8,"2026-08-26 15:43:40 UTC"
"CPS01000","2015-06",55.6,"2026-08-26 15:43:40 UTC"
"CPS01000","2015-07",55.7,"2026-08-26 15:43:40 UTC"
"CPS01000","2015-08",56.2,"2026-08-26 15:43:40 UTC"
"CPS01000","2015-09",56.2,"2026-08-26 15:43:40 UTC"
"CPS01000","2015-10",56.5,"2026-08-26 15:43:40 UTC"
"CPS01000","2015-11",56.8,"2026-08-26 15:43:40 UTC"
"CPS01000","2015-12",57.1,"2026-08-26 15:43:40 UTC"
"CPS01000","2016-01",58.2,"2026-08-26 15:43:40 UTC"
"CPS01000","2016-02",59.4,"2026-08-26 15:43:40 UTC"
"CPS01000","2016-03",60.4,"2026-08-26 15:43:40 UTC"
"CPS01000","2016-04",61.5,"2026-08-26 15:43:40 UTC"
"CPS01000","2016-05",61.7,"2026-08-26 15:43:40 UTC"
"CPS01000","2016-06",61.7,"2026-08-26 15:43:40 UTC"
"CPS01000","2016-07",61.9,"2026-08-26 15:43:40 UTC"
"CPS01000","2016-08",62.5,"2026-08-26 15:43:40 UTC"
"CPS01000","2016-09",62.5,"2026-08-26 15:43:40 UTC"
"CPS01000","2016-10",63.1,"2026-08-26 15:43:40 UTC"
"CPS01000","2016-11",63.4,"2026-08-26 15:43:40 UTC"
"CPS01000","2016-12",63.8,"2026-08-26 15:43:40 UTC"
"CPS01000","2017-01",64.9,"2026-08-26 15:43:40 UTC"
"CPS01000","2017-02",65.3,"2026-08-26 15:43:40 UTC"
"CPS01000","2017-03",65.6,"2026-08-26 15:43:40 UTC"
"CPS01000","2017-04",65.6,"2026-08-26 15:43:40 UTC"
"CPS01000","2017-05",65.9,"2026-08-26 15:43:40 UTC"
"CPS01000","2017-06",65.9,"2026-08-26 15:43:40 UTC"
"CPS01000","2017-07",66.2,"2026-08-26 15:43:40 UTC"
"CPS01000","2017-08",66,"2026-08-26 15:43:40 UTC"
"CPS01000","2017-09",65.9,"2026-08-26 15:43:40 UTC"
"CPS01000","2017-10",66.4,"2026-08-26 15:43:40 UTC"
"CPS01000","2017-11",66.6,"2026-08-26 15:43:40 UTC"
"CPS01000","2017-12",66.9,"2026-08-26 15:43:40 UTC"
"CPS01000","2018-01",67.8,"2026-08-26 15:43:40 UTC"
"CPS01000","2018-02",67.8,"2026-08-26 15:43:40 UTC"
"CPS01000","2018-03",67.9,"2026-08-26 15:43:40 UTC"
"CPS01000","2018-04",68.2,"2026-08-26 15:43:40 UTC"
"CPS01000","2018-05",68.2,"2026-08-26 15:43:40 UTC"
"CPS01000","2018-06",68.2,"2026-08-26 15:43:40 UTC"
"CPS01000","2018-07",68.4,"2026-08-26 15:43:40 UTC"
"CPS01000","2018-08",68.3,"2026-08-26 15:43:40 UTC"
"CPS01000","2018-09",68.5,"2026-08-26 15:43:40 UTC"
"CPS01000","2018-10",68.6,"2026-08-26 15:43:40 UTC"
"CPS01000","2018-11",68.9,"2026-08-26 15:43:40 UTC"
"CPS01000","2018-12",68.9,"2026-08-26 15:43:40 UTC"
"CPS01000","2019-01",69.8,"2026-08-26 15:43:40 UTC"
"CPS01000","2019-02",69.8,"2026-08-26 15:43:40 UTC"
"CPS01000","2019-03",70,"2026-08-26 15:43:40 UTC"
"CPS01000","2019-04",70.2,"2026-08-26 15:43:40 UTC"
"CPS01000","2019-05",70.3,"2026-08-26 15:43:40 UTC"
"CPS01000","2019-06",70.6,"2026-08-26 15:43:40 UTC"
"CPS01000","2019-07",70.6,"2026-08-26 15:43:40 UTC"
"CPS01000","2019-08",71,"2026-08-26 15:43:40 UTC"
"CPS01000","2019-09",71.2,"2026-08-26 15:43:40 UTC"
"CPS01000","2019-10",71.1,"2026-08-26 15:43:40 UTC"
"CPS01000","2019-11",71.3,"2026-08-26 15:43:40 UTC"
"CPS01000","2019-12",71.6,"2026-08-26 15:43:40 UTC"
"CPS01000","2020-01",72.5,"2026-08-26 15:43:40 UTC"
"CPS01000","2020-02",72.8,"2026-08-26 15:43:40 UTC"
"CPS01000","2020-03",73,"2026-08-26 15:43:40 UTC"
"CPS01000","2020-04",73.2,"2026-08-26 15:43:40 UTC"
"CPS01000","2020-05",73.4,"2026-08-26 15:43:40 UTC"
"CPS01000","2020-06",73.6,"2026-08-26 15:43:40 UTC"
"CPS01000","2020-07",73.8,"2026-08-26 15:43:40 UTC"
"CPS01000","2020-08",73.8,"2026-08-26 15:43:40 UTC"
"CPS01000","2020-09",73.9,"2026-08-26 15:43:40 UTC"
"CPS01000","2020-10",75,"2026-08-26 15:43:40 UTC"
"CPS01000","2020-11",75.4,"2026-08-26 15:43:40 UTC"
"CPS01000","2020-12",75.8,"2026-08-26 15:43:40 UTC"
"CPS01000","2021-01",76.4,"2026-08-26 15:43:40 UTC"
"CPS01000","2021-02",76.6,"2026-08-26 15:43:40 UTC"
"CPS01000","2021-03",77.1,"2026-08-26 15:43:40 UTC"
"CPS01000","2021-04",77.8,"2026-08-26 15:43:40 UTC"
"CPS01000","2021-05",78.3,"2026-08-26 15:43:40 UTC"
"CPS01000","2021-06",78.6,"2026-08-26 15:43:40 UTC"
"CPS01000","2021-07",78.6,"2026-08-26 15:43:40 UTC"
"CPS01000","2021-08",78.9,"2026-08-26 15:43:40 UTC"
"CPS01000","2021-09",78.9,"2026-08-26 15:43:40 UTC"
"CPS01000","2021-10",79.5,"2026-08-26 15:43:40 UTC"
"CPS01000","2021-11",79.6,"2026-08-26 15:43:40 UTC"
"CPS01000","2021-12",80,"2026-08-26 15:43:40 UTC"
"CPS01000","2022-01",80.7,"2026-08-26 15:43:40 UTC"
"CPS01000","2022-02",81.4,"2026-08-26 15:43:40 UTC"
"CPS01000","2022-03",81.9,"2026-08-26 15:43:40 UTC"
"CPS01000","2022-04",82.5,"2026-08-26 15:43:40 UTC"
"CPS01000","2022-05",84.2,"2026-08-26 15:43:40 UTC"
"CPS01000","2022-06",85.3,"2026-08-26 15:43:40 UTC"
"CPS01000","2022-07",86.2,"2026-08-26 15:43:40 UTC"
"CPS01000","2022-08",87.8,"2026-08-26 15:43:40 UTC"
"CPS01000","2022-09",88.2,"2026-08-26 15:43:40 UTC"
"CPS01000","2022-10",89,"2026-08-26 15:43:40 UTC"
"CPS01000","2022-11",89.5,"2026-08-26 15:43:40 UTC"
"CPS01000","2022-12",89.9,"2026-08-26 15:43:40 UTC"
"CPS01000","2023-01",91.5,"2026-08-26 15:43:40 UTC"
"CPS01000","2023-02",92.5,"2026-08-26 15:43:40 UTC"
"CPS01000","2023-03",93.4,"2026-08-26 15:43:40 UTC"
"CPS01000","2023-04",93.9,"2026-08-26 15:43:40 UTC"
"CPS01000","2023-05",94.2,"2026-08-26 15:43:40 UTC"
"CPS01000","2023-06",94.6,"2026-08-26 15:43:40 UTC"
"CPS01000","2023-07",94.8,"2026-08-26 15:43:40 UTC"
"CPS01000","2023-08",94.8,"2026-08-26 15:43:40 UTC"
"CPS01000","2023-09",95.4,"2026-08-26 15:43:40 UTC"
"CPS01000","2023-10",96.8,"2026-08-26 15:43:40 UTC"
"CPS01000","2023-11",97.6,"2026-08-26 15:43:40 UTC"
"CPS01000","2023-12",97.5,"2026-08-26 15:43:40 UTC"
"CPS01000","2024-01",98.1,"2026-08-26 15:43:40 UTC"
"CPS01000","2024-02",98.1,"2026-08-26 15:43:40 UTC"
"CPS01000","2024-03",98.2,"2026-08-26 15:43:40 UTC"
"CPS01000","2024-04",98.3,"2026-08-26 15:43:40 UTC"
"CPS01000","2024-05",98.6,"2026-08-26 15:43:40 UTC"
"CPS01000","2024-06",99,"2026-08-26 15:43:40 UTC"
"CPS01000","2024-07",99,"2026-08-26 15:43:40 UTC"
"CPS01000","2024-08",99.3,"2026-08-26 15:43:40 UTC"
"CPS01000","2024-09",99.8,"2026-08-26 15:43:40 UTC"
"CPS01000","2024-10",100.2,"2026-08-26 15:43:40 UTC"
"CPS01000","2024-11",99.8,"2026-08-26 15:43:40 UTC"
"CPS01000","2024-12",100,"2026-08-26 15:43:40 UTC"
"CPS01000","2025-01",100.4,"2026-08-26 15:43:40 UTC"
"CPS01000","2025-02",100.8,"2026-08-26 15:43:40 UTC"
"CPS01000","2025-03",100.9,"2026-08-26 15:43:40 UTC"
"CPS01000","2025-04",102.2,"2026-08-26 15:43:40 UTC"
"CPS01000","2025-05",103.3,"2026-08-26 15:43:40 UTC"
"CPS01000","2025-06",104,"2026-08-26 15:43:40 UTC"
"CPS01000","2025-07",104.6,"2026-08-26 15:43:40 UTC"
"CPS01000","2025-08",104.5,"2026-08-26 15:43:40 UTC"
"CPS01000","2025-09",104.3,"2026-08-26 15:43:40 UTC"
"CPS01000","2025-10",104.1,"2026-08-26 15:43:40 UTC"
"CPS01000","2025-11",104.2,"2026-08-26 15:43:40 UTC"
"CPS01000","2025-12",104.4,"2026-08-26 15:43:40 UTC"
"CPS01000","2026-01",104.8,"2026-08-26 15:43:40 UTC"
"CPS01000","2026-02",104.5,"2026-08-26 15:43:40 UTC"
"CPS01000","2026-03",104.5,"2026-08-26 15:43:40 UTC"
"CPS01000","2026-04",105.2,"2026-08-26 15:43:40 UTC"
"CPS01000","2026-05",105.3,"2026-08-26 15:43:40 UTC"
"CPS01000","2026-06",105.7,"2026-08-26 15:43:40 UTC"
"CPS01000","2026-07",105.5,"2026-08-26 15:43:40 UTC"
"CPS02000","2008-01",35.3,"2026-08-26 15:43:40 UTC"
"CPS02000","2008-02",35.7,"2026-08-26 15:43:40 UTC"
"CPS02000","2008-03",37.3,"2026-08-26 15:43:40 UTC"
"CPS02000","2008-04",37.5,"2026-08-26 15:43:40 UTC"
"CPS02000","2008-05",37.6,"2026-08-26 15:43:40 UTC"
"CPS02000","2008-06",37.6,"2026-08-26 15:43:40 UTC"
"CPS02000","2008-07",37.7,"2026-08-26 15:43:40 UTC"
"CPS02000","2008-08",38.3,"2026-08-26 15:43:40 UTC"
"CPS02000","2008-09",38.7,"2026-08-26 15:43:40 UTC"
"CPS02000","2008-10",38.8,"2026-08-26 15:43:40 UTC"
"CPS02000","2008-11",38.9,"2026-08-26 15:43:40 UTC"
"CPS02000","2008-12",38.9,"2026-08-26 15:43:40 UTC"
"CPS02000","2009-01",38.9,"2026-08-26 15:43:40 UTC"
"CPS02000","2009-02",39.3,"2026-08-26 15:43:40 UTC"
"CPS02000","2009-03",41.2,"2026-08-26 15:43:40 UTC"
"CPS02000","2009-04",41.6,"2026-08-26 15:43:40 UTC"
"CPS02000","2009-05",41.6,"2026-08-26 15:43:40 UTC"
"CPS02000","2009-06",41.6,"2026-08-26 15:43:40 UTC"
"CPS02000","2009-07",42.1,"2026-08-26 15:43:40 UTC"
"CPS02000","2009-08",43.1,"2026-08-26 15:43:40 UTC"
"CPS02000","2009-09",43.3,"2026-08-26 15:43:40 UTC"
"CPS02000","2009-10",43.3,"2026-08-26 15:43:40 UTC"
"CPS02000","2009-11",43.3,"2026-08-26 15:43:40 UTC"
"CPS02000","2009-12",43.3,"2026-08-26 15:43:40 UTC"
"CPS02000","2010-01",43.4,"2026-08-26 15:43:40 UTC"
"CPS02000","2010-02",43.4,"2026-08-26 15:43:40 UTC"
"CPS02000","2010-03",45.9,"2026-08-26 15:43:40 UTC"
"CPS02000","2010-04",46,"2026-08-26 15:43:40 UTC"
"CPS02000","2010-05",46.2,"2026-08-26 15:43:40 UTC"
"CPS02000","2010-06",46,"2026-08-26 15:43:40 UTC"
"CPS02000","2010-07",46.1,"2026-08-26 15:43:40 UTC"
"CPS02000","2010-08",46.2,"2026-08-26 15:43:40 UTC"
"CPS02000","2010-09",46.4,"2026-08-26 15:43:40 UTC"
"CPS02000","2010-10",46.4,"2026-08-26 15:43:40 UTC"
"CPS02000","2010-11",46.5,"2026-08-26 15:43:40 UTC"
"CPS02000","2010-12",46.4,"2026-08-26 15:43:40 UTC"
"CPS02000","2011-01",46.6,"2026-08-26 15:43:40 UTC"
"CPS02000","2011-02",46.6,"2026-08-26 15:43:40 UTC"
"CPS02000","2011-03",48.3,"2026-08-26 15:43:40 UTC"
"CPS02000","2011-04",48.6,"2026-08-26 15:43:40 UTC"
"CPS02000","2011-05",48.8,"2026-08-26 15:43:40 UTC"
"CPS02000","2011-06",48.7,"2026-08-26 15:43:40 UTC"
"CPS02000","2011-07",48.9,"2026-08-26 15:43:40 UTC"
"CPS02000","2011-08",49.1,"2026-08-26 15:43:40 UTC"
"CPS02000","2011-09",49.1,"2026-08-26 15:43:40 UTC"
"CPS02000","2011-10",49.3,"2026-08-26 15:43:40 UTC"
"CPS02000","2011-11",49.3,"2026-08-26 15:43:40 UTC"
"CPS02000","2011-12",49.3,"2026-08-26 15:43:40 UTC"
"CPS02000","2012-01",49.5,"2026-08-26 15:43:40 UTC"
"CPS02000","2012-02",49.6,"2026-08-26 15:43:40 UTC"
"CPS02000","2012-03",51.9,"2026-08-26 15:43:40 UTC"
"CPS02000","2012-04",52.2,"2026-08-26 15:43:40 UTC"
"CPS02000","2012-05",52.3,"2026-08-26 15:43:40 UTC"
"CPS02000","2012-06",52.3,"2026-08-26 15:43:40 UTC"
"CPS02000","2012-07",52.4,"2026-08-26 15:43:40 UTC"
"CPS02000","2012-08",52.7,"2026-08-26 15:43:40 UTC"
"CPS02000","2012-09",52.7,"2026-08-26 15:43:40 UTC"
"CPS02000","2012-10",52.7,"2026-08-26 15:43:40 UTC"
"CPS02000","2012-11",52.8,"2026-08-26 15:43:40 UTC"
"CPS02000","2012-12",52.7,"2026-08-26 15:43:40 UTC"
"CPS02000","2013-01",53,"2026-08-26 15:43:40 UTC"
"CPS02000","2013-02",53.4,"2026-08-26 15:43:40 UTC"
"CPS02000","2013-03",54.9,"2026-08-26 15:43:40 UTC"
"CPS02000","2013-04",55.6,"2026-08-26 15:43:40 UTC"
"CPS02000","2013-05",55.8,"2026-08-26 15:43:40 UTC"
"CPS02000","2013-06",55.7,"2026-08-26 15:43:40 UTC"
"CPS02000","2013-07",56.1,"2026-08-26 15:43:40 UTC"
"CPS02000","2013-08",56.1,"2026-08-26 15:43:40 UTC"
"CPS02000","2013-09",56.3,"2026-08-26 15:43:40 UTC"
"CPS02000","2013-10",56.7,"2026-08-26 15:43:40 UTC"
"CPS02000","2013-11",56.4,"2026-08-26 15:43:40 UTC"
"CPS02000","2013-12",56.4,"2026-08-26 15:43:40 UTC"
"CPS02000","2014-01",56.7,"2026-08-26 15:43:40 UTC"
"CPS02000","2014-02",57,"2026-08-26 15:43:40 UTC"
"CPS02000","2014-03",58.1,"2026-08-26 15:43:40 UTC"
"CPS02000","2014-04",58.4,"2026-08-26 15:43:40 UTC"
"CPS02000","2014-05",58.7,"2026-08-26 15:43:40 UTC"
"CPS02000","2014-06",58.8,"2026-08-26 15:43:40 UTC"
"CPS02000","2014-07",59.4,"2026-08-26 15:43:40 UTC"
"CPS02000","2014-08",59.5,"2026-08-26 15:43:40 UTC"
"CPS02000","2014-09",59.7,"2026-08-26 15:43:40 UTC"
"CPS02000","2014-10",60.4,"2026-08-26 15:43:40 UTC"
"CPS02000","2014-11",60.7,"2026-08-26 15:43:40 UTC"
"CPS02000","2014-12",60.7,"2026-08-26 15:43:40 UTC"
"CPS02000","2015-01",61,"2026-08-26 15:43:40 UTC"
"CPS02000","2015-02",61.6,"2026-08-26 15:43:40 UTC"
"CPS02000","2015-03",63.3,"2026-08-26 15:43:40 UTC"
"CPS02000","2015-04",64,"2026-08-26 15:43:40 UTC"
"CPS02000","2015-05",64.3,"2026-08-26 15:43:40 UTC"
"CPS02000","2015-06",64.5,"2026-08-26 15:43:40 UTC"
"CPS02000","2015-07",64.7,"2026-08-26 15:43:40 UTC"
"CPS02000","2015-08",64.8,"2026-08-26 15:43:40 UTC"
"CPS02000","2015-09",64.8,"2026-08-26 15:43:40 UTC"
"CPS02000","2015-10",64.9,"2026-08-26 15:43:40 UTC"
"CPS02000","2015-11",65,"2026-08-26 15:43:40 UTC"
"CPS02000","2015-12",64.8,"2026-08-26 15:43:40 UTC"
"CPS02000","2016-01",66,"2026-08-26 15:43:40 UTC"
"CPS02000","2016-02",66.3,"2026-08-26 15:43:40 UTC"
"CPS02000","2016-03",67.2,"2026-08-26 15:43:40 UTC"
"CPS02000","2016-04",67.8,"2026-08-26 15:43:40 UTC"
"CPS02000","2016-05",67.9,"2026-08-26 15:43:40 UTC"
"CPS02000","2016-06",67.8,"2026-08-26 15:43:40 UTC"
"CPS02000","2016-07",68,"2026-08-26 15:43:40 UTC"
"CPS02000","2016-08",68.1,"2026-08-26 15:43:40 UTC"
"CPS02000","2016-09",68.2,"2026-08-26 15:43:40 UTC"
"CPS02000","2016-10",68.3,"2026-08-26 15:43:40 UTC"
"CPS02000","2016-11",68.3,"2026-08-26 15:43:40 UTC"
"CPS02000","2016-12",68.4,"2026-08-26 15:43:40 UTC"
"CPS02000","2017-01",68.4,"2026-08-26 15:43:40 UTC"
"CPS02000","2017-02",68.1,"2026-08-26 15:43:40 UTC"
"CPS02000","2017-03",69.3,"2026-08-26 15:43:40 UTC"
"CPS02000","2017-04",69.8,"2026-08-26 15:43:40 UTC"
"CPS02000","2017-05",70,"2026-08-26 15:43:40 UTC"
"CPS02000","2017-06",70,"2026-08-26 15:43:40 UTC"
"CPS02000","2017-07",70.3,"2026-08-26 15:43:40 UTC"
"CPS02000","2017-08",71,"2026-08-26 15:43:40 UTC"
"CPS02000","2017-09",71.4,"2026-08-26 15:43:40 UTC"
"CPS02000","2017-10",71.7,"2026-08-26 15:43:40 UTC"
"CPS02000","2017-11",71.7,"2026-08-26 15:43:40 UTC"
"CPS02000","2017-12",71.7,"2026-08-26 15:43:40 UTC"
"CPS02000","2018-01",72,"2026-08-26 15:43:40 UTC"
"CPS02000","2018-02",72.3,"2026-08-26 15:43:40 UTC"
"CPS02000","2018-03",72.9,"2026-08-26 15:43:40 UTC"
"CPS02000","2018-04",74,"2026-08-26 15:43:40 UTC"
"CPS02000","2018-05",74.3,"2026-08-26 15:43:40 UTC"
"CPS02000","2018-06",74.3,"2026-08-26 15:43:40 UTC"
"CPS02000","2018-07",74.5,"2026-08-26 15:43:40 UTC"
"CPS02000","2018-08",74.4,"2026-08-26 15:43:40 UTC"
"CPS02000","2018-09",74.4,"2026-08-26 15:43:40 UTC"
"CPS02000","2018-10",74.7,"2026-08-26 15:43:40 UTC"
"CPS02000","2018-11",75.1,"2026-08-26 15:43:40 UTC"
"CPS02000","2018-12",75.2,"2026-08-26 15:43:40 UTC"
"CPS02000","2019-01",75.3,"2026-08-26 15:43:40 UTC"
"CPS02000","2019-02",75.7,"2026-08-26 15:43:40 UTC"
"CPS02000","2019-03",77.6,"2026-08-26 15:43:40 UTC"
"CPS02000","2019-04",78.2,"2026-08-26 15:43:40 UTC"
"CPS02000","2019-05",78.4,"2026-08-26 15:43:40 UTC"
"CPS02000","2019-06",78.8,"2026-08-26 15:43:40 UTC"
"CPS02000","2019-07",79,"2026-08-26 15:43:40 UTC"
"CPS02000","2019-08",79,"2026-08-26 15:43:40 UTC"
"CPS02000","2019-09",79,"2026-08-26 15:43:40 UTC"
"CPS02000","2019-10",79,"2026-08-26 15:43:40 UTC"
"CPS02000","2019-11",79,"2026-08-26 15:43:40 UTC"
"CPS02000","2019-12",79,"2026-08-26 15:43:40 UTC"
"CPS02000","2020-01",79.3,"2026-08-26 15:43:40 UTC"
"CPS02000","2020-02",79.4,"2026-08-26 15:43:40 UTC"
"CPS02000","2020-03",80.4,"2026-08-26 15:43:40 UTC"
"CPS02000","2020-04",80,"2026-08-26 15:43:40 UTC"
"CPS02000","2020-05",79.5,"2026-08-26 15:43:40 UTC"
"CPS02000","2020-06",79.9,"2026-08-26 15:43:40 UTC"
"CPS02000","2020-07",80.8,"2026-08-26 15:43:40 UTC"
"CPS02000","2020-08",81.4,"2026-08-26 15:43:40 UTC"
"CPS02000","2020-09",82.2,"2026-08-26 15:43:40 UTC"
"CPS02000","2020-10",82.6,"2026-08-26 15:43:40 UTC"
"CPS02000","2020-11",82,"2026-08-26 15:43:40 UTC"
"CPS02000","2020-12",82,"2026-08-26 15:43:40 UTC"
"CPS02000","2021-01",82,"2026-08-26 15:43:40 UTC"
"CPS02000","2021-02",82.5,"2026-08-26 15:43:40 UTC"
"CPS02000","2021-03",83.4,"2026-08-26 15:43:40 UTC"
"CPS02000","2021-04",83.8,"2026-08-26 15:43:40 UTC"
"CPS02000","2021-05",84.1,"2026-08-26 15:43:40 UTC"
"CPS02000","2021-06",84.1,"2026-08-26 15:43:40 UTC"
"CPS02000","2021-07",85.1,"2026-08-26 15:43:40 UTC"
"CPS02000","2021-08",85.6,"2026-08-26 15:43:40 UTC"
"CPS02000","2021-09",85.7,"2026-08-26 15:43:40 UTC"
"CPS02000","2021-10",85.8,"2026-08-26 15:43:40 UTC"
"CPS02000","2021-11",85.8,"2026-08-26 15:43:40 UTC"
"CPS02000","2021-12",85.9,"2026-08-26 15:43:40 UTC"
"CPS02000","2022-01",85.9,"2026-08-26 15:43:40 UTC"
"CPS02000","2022-02",86.4,"2026-08-26 15:43:40 UTC"
"CPS02000","2022-03",88.3,"2026-08-26 15:43:40 UTC"
"CPS02000","2022-04",89,"2026-08-26 15:43:40 UTC"
"CPS02000","2022-05",89.7,"2026-08-26 15:43:40 UTC"
"CPS02000","2022-06",89.8,"2026-08-26 15:43:40 UTC"
"CPS02000","2022-07",89.7,"2026-08-26 15:43:40 UTC"
"CPS02000","2022-08",89.9,"2026-08-26 15:43:40 UTC"
"CPS02000","2022-09",90.7,"2026-08-26 15:43:40 UTC"
"CPS02000","2022-10",91.2,"2026-08-26 15:43:40 UTC"
"CPS02000","2022-11",91.4,"2026-08-26 15:43:40 UTC"
"CPS02000","2022-12",91.2,"2026-08-26 15:43:40 UTC"
"CPS02000","2023-01",91.5,"2026-08-26 15:43:40 UTC"
"CPS02000","2023-02",91.8,"2026-08-26 15:43:40 UTC"
"CPS02000","2023-03",93.8,"2026-08-26 15:43:40 UTC"
"CPS02000","2023-04",94.7,"2026-08-26 15:43:40 UTC"
"CPS02000","2023-05",95,"2026-08-26 15:43:40 UTC"
"CPS02000","2023-06",95.3,"2026-08-26 15:43:40 UTC"
"CPS02000","2023-07",95.8,"2026-08-26 15:43:40 UTC"
"CPS02000","2023-08",95.5,"2026-08-26 15:43:40 UTC"
"CPS02000","2023-09",95.4,"2026-08-26 15:43:40 UTC"
"CPS02000","2023-10",95.9,"2026-08-26 15:43:40 UTC"
"CPS02000","2023-11",95.9,"2026-08-26 15:43:40 UTC"
"CPS02000","2023-12",95.9,"2026-08-26 15:43:40 UTC"
"CPS02000","2024-01",96.2,"2026-08-26 15:43:40 UTC"
"CPS02000","2024-02",96.2,"2026-08-26 15:43:40 UTC"
"CPS02000","2024-03",98,"2026-08-26 15:43:40 UTC"
"CPS02000","2024-04",98.7,"2026-08-26 15:43:40 UTC"
"CPS02000","2024-05",99.2,"2026-08-26 15:43:40 UTC"
"CPS02000","2024-06",99.4,"2026-08-26 15:43:40 UTC"
"CPS02000","2024-07",99.4,"2026-08-26 15:43:40 UTC"
"CPS02000","2024-08",99.7,"2026-08-26 15:43:40 UTC"
"CPS02000","2024-09",99.9,"2026-08-26 15:43:40 UTC"
"CPS02000","2024-10",100.2,"2026-08-26 15:43:40 UTC"
"CPS02000","2024-11",100.2,"2026-08-26 15:43:40 UTC"
"CPS02000","2024-12",100,"2026-08-26 15:43:40 UTC"
"CPS02000","2025-01",100.3,"2026-08-26 15:43:40 UTC"
"CPS02000","2025-02",100.4,"2026-08-26 15:43:40 UTC"
"CPS02000","2025-03",102,"2026-08-26 15:43:40 UTC"
"CPS02000","2025-04",103.3,"2026-08-26 15:43:40 UTC"
"CPS02000","2025-05",103.5,"2026-08-26 15:43:40 UTC"
"CPS02000","2025-06",103.8,"2026-08-26 15:43:40 UTC"
"CPS02000","2025-07",104,"2026-08-26 15:43:40 UTC"
"CPS02000","2025-08",104,"2026-08-26 15:43:40 UTC"
"CPS02000","2025-09",104.1,"2026-08-26 15:43:40 UTC"
"CPS02000","2025-10",104.7,"2026-08-26 15:43:40 UTC"
"CPS02000","2025-11",104.8,"2026-08-26 15:43:40 UTC"
"CPS02000","2025-12",104.6,"2026-08-26 15:43:40 UTC"
"CPS02000","2026-01",104.8,"2026-08-26 15:43:40 UTC"
"CPS02000","2026-02",105.4,"2026-08-26 15:43:40 UTC"
"CPS02000","2026-03",106.3,"2026-08-26 15:43:40 UTC"
"CPS02000","2026-04",107.4,"2026-08-26 15:43:40 UTC"
"CPS02000","2026-05",107.5,"2026-08-26 15:43:40 UTC"
"CPS02000","2026-06",107.5,"2026-08-26 15:43:40 UTC"
"CPS02000","2026-07",107.8,"2026-08-26 15:43:40 UTC"
"CPS03000","2008-01",61.5,"2026-08-26 15:43:40 UTC"
"CPS03000","2008-02",61.6,"2026-08-26 15:43:40 UTC"
"CPS03000","2008-03",61.8,"2026-08-26 15:43:40 UTC"
"CPS03000","2008-04",61.8,"2026-08-26 15:43:40 UTC"
"CPS03000","2008-05",62,"2026-08-26 15:43:40 UTC"
"CPS03000","2008-06",62.3,"2026-08-26 15:43:40 UTC"
"CPS03000","2008-07",62.4,"2026-08-26 15:43:40 UTC"
"CPS03000","2008-08",62.8,"2026-08-26 15:43:40 UTC"
"CPS03000","2008-09",63,"2026-08-26 15:43:40 UTC"
"CPS03000","2008-10",63,"2026-08-26 15:43:40 UTC"
"CPS03000","2008-11",63,"2026-08-26 15:43:40 UTC"
"CPS03000","2008-12",63.3,"2026-08-26 15:43:40 UTC"
"CPS03000","2009-01",63.9,"2026-08-26 15:43:40 UTC"
"CPS03000","2009-02",64.5,"2026-08-26 15:43:40 UTC"
"CPS03000","2009-03",64.8,"2026-08-26 15:43:40 UTC"
"CPS03000","2009-04",65.1,"2026-08-26 15:43:40 UTC"
"CPS03000","2009-05",65.1,"2026-08-26 15:43:40 UTC"
"CPS03000","2009-06",65.3,"2026-08-26 15:43:40 UTC"
"CPS03000","2009-07",65.7,"2026-08-26 15:43:40 UTC"
"CPS03000","2009-08",66,"2026-08-26 15:43:40 UTC"
"CPS03000","2009-09",66,"2026-08-26 15:43:40 UTC"
"CPS03000","2009-10",66.1,"2026-08-26 15:43:40 UTC"
"CPS03000","2009-11",66.3,"2026-08-26 15:43:40 UTC"
"CPS03000","2009-12",66.4,"2026-08-26 15:43:40 UTC"
"CPS03000","2010-01",66.4,"2026-08-26 15:43:40 UTC"
"CPS03000","2010-02",66.4,"2026-08-26 15:43:40 UTC"
"CPS03000","2010-03",66.5,"2026-08-26 15:43:40 UTC"
"CPS03000","2010-04",66.6,"2026-08-26 15:43:40 UTC"
"CPS03000","2010-05",66.7,"2026-08-26 15:43:40 UTC"
"CPS03000","2010-06",66.7,"2026-08-26 15:43:40 UTC"
"CPS03000","2010-07",66.7,"2026-08-26 15:43:40 UTC"
"CPS03000","2010-08",66.7,"2026-08-26 15:43:40 UTC"
"CPS03000","2010-09",66.7,"2026-08-26 15:43:40 UTC"
"CPS03000","2010-10",66.8,"2026-08-26 15:43:40 UTC"
"CPS03000","2010-11",66.9,"2026-08-26 15:43:40 UTC"
"CPS03000","2010-12",66.9,"2026-08-26 15:43:40 UTC"
"CPS03000","2011-01",67.2,"2026-08-26 15:43:40 UTC"
"CPS03000","2011-02",67.3,"2026-08-26 15:43:40 UTC"
"CPS03000","2011-03",67.4,"2026-08-26 15:43:40 UTC"
"CPS03000","2011-04",67.6,"2026-08-26 15:43:40 UTC"
"CPS03000","2011-05",67.7,"2026-08-26 15:43:40 UTC"
"CPS03000","2011-06",67.9,"2026-08-26 15:43:40 UTC"
"CPS03000","2011-07",68.1,"2026-08-26 15:43:40 UTC"
"CPS03000","2011-08",68.5,"2026-08-26 15:43:40 UTC"
"CPS03000","2011-09",68.8,"2026-08-26 15:43:40 UTC"
"CPS03000","2011-10",69,"2026-08-26 15:43:40 UTC"
"CPS03000","2011-11",69.3,"2026-08-26 15:43:40 UTC"
"CPS03000","2011-12",69.5,"2026-08-26 15:43:40 UTC"
"CPS03000","2012-01",69.6,"2026-08-26 15:43:40 UTC"
"CPS03000","2012-02",69.7,"2026-08-26 15:43:40 UTC"
"CPS03000","2012-03",70.1,"2026-08-26 15:43:40 UTC"
"CPS03000","2012-04",70.1,"2026-08-26 15:43:40 UTC"
"CPS03000","2012-05",70.2,"2026-08-26 15:43:40 UTC"
"CPS03000","2012-06",70.3,"2026-08-26 15:43:40 UTC"
"CPS03000","2012-07",70.5,"2026-08-26 15:43:40 UTC"
"CPS03000","2012-08",71,"2026-08-26 15:43:40 UTC"
"CPS03000","2012-09",71.3,"2026-08-26 15:43:40 UTC"
"CPS03000","2012-10",71.5,"2026-08-26 15:43:40 UTC"
"CPS03000","2012-11",71.6,"2026-08-26 15:43:40 UTC"
"CPS03000","2012-12",71.7,"2026-08-26 15:43:40 UTC"
"CPS03000","2013-01",71.8,"2026-08-26 15:43:40 UTC"
"CPS03000","2013-02",71.9,"2026-08-26 15:43:40 UTC"
"CPS03000","2013-03",72,"2026-08-26 15:43:40 UTC"
"CPS03000","2013-04",72.2,"2026-08-26 15:43:40 UTC"
"CPS03000","2013-05",72.2,"2026-08-26 15:43:40 UTC"
"CPS03000","2013-06",72.4,"2026-08-26 15:43:40 UTC"
"CPS03000","2013-07",72.7,"2026-08-26 15:43:40 UTC"
"CPS03000","2013-08",73.2,"2026-08-26 15:43:40 UTC"
"CPS03000","2013-09",73.5,"2026-08-26 15:43:40 UTC"
"CPS03000","2013-10",73.8,"2026-08-26 15:43:40 UTC"
"CPS03000","2013-11",73.9,"2026-08-26 15:43:40 UTC"
"CPS03000","2013-12",74.2,"2026-08-26 15:43:40 UTC"
"CPS03000","2014-01",74.5,"2026-08-26 15:43:40 UTC"
"CPS03000","2014-02",75,"2026-08-26 15:43:40 UTC"
"CPS03000","2014-03",75.4,"2026-08-26 15:43:40 UTC"
"CPS03000","2014-04",75.8,"2026-08-26 15:43:40 UTC"
"CPS03000","2014-05",76.1,"2026-08-26 15:43:40 UTC"
"CPS03000","2014-06",76.1,"2026-08-26 15:43:40 UTC"
"CPS03000","2014-07",76.4,"2026-08-26 15:43:40 UTC"
"CPS03000","2014-08",77.1,"2026-08-26 15:43:40 UTC"
"CPS03000","2014-09",77.6,"2026-08-26 15:43:40 UTC"
"CPS03000","2014-10",78,"2026-08-26 15:43:40 UTC"
"CPS03000","2014-11",78.5,"2026-08-26 15:43:40 UTC"
"CPS03000","2014-12",78.8,"2026-08-26 15:43:40 UTC"
"CPS03000","2015-01",79,"2026-08-26 15:43:40 UTC"
"CPS03000","2015-02",79.3,"2026-08-26 15:43:40 UTC"
"CPS03000","2015-03",79.8,"2026-08-26 15:43:40 UTC"
"CPS03000","2015-04",80,"2026-08-26 15:43:40 UTC"
"CPS03000","2015-05",80.1,"2026-08-26 15:43:40 UTC"
"CPS03000","2015-06",80.4,"2026-08-26 15:43:40 UTC"
"CPS03000","2015-07",80.7,"2026-08-26 15:43:40 UTC"
"CPS03000","2015-08",81.2,"2026-08-26 15:43:40 UTC"
"CPS03000","2015-09",81.4,"2026-08-26 15:43:40 UTC"
"CPS03000","2015-10",81.7,"2026-08-26 15:43:40 UTC"
"CPS03000","2015-11",82,"2026-08-26 15:43:40 UTC"
"CPS03000","2015-12",82.3,"2026-08-26 15:43:40 UTC"
"CPS03000","2016-01",82.5,"2026-08-26 15:43:40 UTC"
"CPS03000","2016-02",83.1,"2026-08-26 15:43:40 UTC"
"CPS03000","2016-03",83.5,"2026-08-26 15:43:40 UTC"
"CPS03000","2016-04",83.9,"2026-08-26 15:43:40 UTC"
"CPS03000","2016-05",84.1,"2026-08-26 15:43:40 UTC"
"CPS03000","2016-06",84.3,"2026-08-26 15:43:40 UTC"
"CPS03000","2016-07",84.6,"2026-08-26 15:43:40 UTC"
"CPS03000","2016-08",85.2,"2026-08-26 15:43:40 UTC"
"CPS03000","2016-09",85.8,"2026-08-26 15:43:40 UTC"
"CPS03000","2016-10",86.1,"2026-08-26 15:43:40 UTC"
"CPS03000","2016-11",86.4,"2026-08-26 15:43:40 UTC"
"CPS03000","2016-12",86.6,"2026-08-26 15:43:40 UTC"
"CPS03000","2017-01",86.8,"2026-08-26 15:43:40 UTC"
"CPS03000","2017-02",87.1,"2026-08-26 15:43:40 UTC"
"CPS03000","2017-03",87.2,"2026-08-26 15:43:40 UTC"
"CPS03000","2017-04",87.3,"2026-08-26 15:43:40 UTC"
"CPS03000","2017-05",87.4,"2026-08-26 15:43:40 UTC"
"CPS03000","2017-06",87.5,"2026-08-26 15:43:40 UTC"
"CPS03000","2017-07",87.6,"2026-08-26 15:43:40 UTC"
"CPS03000","2017-08",87.7,"2026-08-26 15:43:40 UTC"
"CPS03000","2017-09",87.7,"2026-08-26 15:43:40 UTC"
"CPS03000","2017-10",87.7,"2026-08-26 15:43:40 UTC"
"CPS03000","2017-11",88,"2026-08-26 15:43:40 UTC"
"CPS03000","2017-12",88.2,"2026-08-26 15:43:40 UTC"
"CPS03000","2018-01",88.3,"2026-08-26 15:43:40 UTC"
"CPS03000","2018-02",88.4,"2026-08-26 15:43:40 UTC"
"CPS03000","2018-03",88.5,"2026-08-26 15:43:40 UTC"
"CPS03000","2018-04",88.7,"2026-08-26 15:43:40 UTC"
"CPS03000","2018-05",88.9,"2026-08-26 15:43:40 UTC"
"CPS03000","2018-06",89.1,"2026-08-26 15:43:40 UTC"
"CPS03000","2018-07",89.1,"2026-08-26 15:43:40 UTC"
"CPS03000","2018-08",89.3,"2026-08-26 15:43:40 UTC"
"CPS03000","2018-09",89.4,"2026-08-26 15:43:40 UTC"
"CPS03000","2018-10",89.4,"2026-08-26 15:43:40 UTC"
"CPS03000","2018-11",89.5,"2026-08-26 15:43:40 UTC"
"CPS03000","2018-12",89.6,"2026-08-26 15:43:40 UTC"
"CPS03000","2019-01",89.8,"2026-08-26 15:43:40 UTC"
"CPS03000","2019-02",90,"2026-08-26 15:43:40 UTC"
"CPS03000","2019-03",90.2,"2026-08-26 15:43:40 UTC"
"CPS03000","2019-04",90.4,"2026-08-26 15:43:40 UTC"
"CPS03000","2019-05",90.6,"2026-08-26 15:43:40 UTC"
"CPS03000","2019-06",90.7,"2026-08-26 15:43:40 UTC"
"CPS03000","2019-07",90.8,"2026-08-26 15:43:40 UTC"
"CPS03000","2019-08",91.2,"2026-08-26 15:43:40 UTC"
"CPS03000","2019-09",91.4,"2026-08-26 15:43:40 UTC"
"CPS03000","2019-10",91.5,"2026-08-26 15:43:40 UTC"
"CPS03000","2019-11",91.7,"2026-08-26 15:43:40 UTC"
"CPS03000","2019-12",91.8,"2026-08-26 15:43:40 UTC"
"CPS03000","2020-01",91.8,"2026-08-26 15:43:40 UTC"
"CPS03000","2020-02",92,"2026-08-26 15:43:40 UTC"
"CPS03000","2020-03",92.2,"2026-08-26 15:43:40 UTC"
"CPS03000","2020-04",91.7,"2026-08-26 15:43:40 UTC"
"CPS03000","2020-05",91.1,"2026-08-26 15:43:40 UTC"
"CPS03000","2020-06",91.3,"2026-08-26 15:43:40 UTC"
"CPS03000","2020-07",91.2,"2026-08-26 15:43:40 UTC"
"CPS03000","2020-08",91.4,"2026-08-26 15:43:40 UTC"
"CPS03000","2020-09",91.6,"2026-08-26 15:43:40 UTC"
"CPS03000","2020-10",91.7,"2026-08-26 15:43:40 UTC"
"CPS03000","2020-11",91.8,"2026-08-26 15:43:40 UTC"
"CPS03000","2020-12",92,"2026-08-26 15:43:40 UTC"
"CPS03000","2021-01",92.3,"2026-08-26 15:43:40 UTC"
"CPS03000","2021-02",92.3,"2026-08-26 15:43:40 UTC"
"CPS03000","2021-03",92.5,"2026-08-26 15:43:40 UTC"
"CPS03000","2021-04",92.6,"2026-08-26 15:43:40 UTC"
"CPS03000","2021-05",92.8,"2026-08-26 15:43:40 UTC"
"CPS03000","2021-06",92.9,"2026-08-26 15:43:40 UTC"
"CPS03000","2021-07",92.9,"2026-08-26 15:43:40 UTC"
"CPS03000","2021-08",93.2,"2026-08-26 15:43:40 UTC"
"CPS03000","2021-09",93.3,"2026-08-26 15:43:40 UTC"
"CPS03000","2021-10",93.4,"2026-08-26 15:43:40 UTC"
"CPS03000","2021-11",93.5,"2026-08-26 15:43:40 UTC"
"CPS03000","2021-12",93.5,"2026-08-26 15:43:40 UTC"
"CPS03000","2022-01",93.7,"2026-08-26 15:43:40 UTC"
"CPS03000","2022-02",93.8,"2026-08-26 15:43:40 UTC"
"CPS03000","2022-03",94,"2026-08-26 15:43:40 UTC"
"CPS03000","2022-04",94.2,"2026-08-26 15:43:40 UTC"
"CPS03000","2022-05",94.4,"2026-08-26 15:43:40 UTC"
"CPS03000","2022-06",94.8,"2026-08-26 15:43:40 UTC"
"CPS03000","2022-07",95,"2026-08-26 15:43:40 UTC"
"CPS03000","2022-08",95.5,"2026-08-26 15:43:40 UTC"
"CPS03000","2022-09",95.9,"2026-08-26 15:43:40 UTC"
"CPS03000","2022-10",96,"2026-08-26 15:43:40 UTC"
"CPS03000","2022-11",96,"2026-08-26 15:43:40 UTC"
"CPS03000","2022-12",96.2,"2026-08-26 15:43:40 UTC"
"CPS03000","2023-01",96.3,"2026-08-26 15:43:40 UTC"
"CPS03000","2023-02",96.8,"2026-08-26 15:43:40 UTC"
"CPS03000","2023-03",96.7,"2026-08-26 15:43:40 UTC"
"CPS03000","2023-04",97,"2026-08-26 15:43:40 UTC"
"CPS03000","2023-05",97.4,"2026-08-26 15:43:40 UTC"
"CPS03000","2023-06",97.6,"2026-08-26 15:43:40 UTC"
"CPS03000","2023-07",97.8,"2026-08-26 15:43:40 UTC"
"CPS03000","2023-08",97.8,"2026-08-26 15:43:40 UTC"
"CPS03000","2023-09",98,"2026-08-26 15:43:40 UTC"
"CPS03000","2023-10",98.2,"2026-08-26 15:43:40 UTC"
"CPS03000","2023-11",98.3,"2026-08-26 15:43:40 UTC"
"CPS03000","2023-12",98.3,"2026-08-26 15:43:40 UTC"
"CPS03000","2024-01",98.6,"2026-08-26 15:43:40 UTC"
"CPS03000","2024-02",98.8,"2026-08-26 15:43:40 UTC"
"CPS03000","2024-03",99.1,"2026-08-26 15:43:40 UTC"
"CPS03000","2024-04",99.3,"2026-08-26 15:43:40 UTC"
"CPS03000","2024-05",99.3,"2026-08-26 15:43:40 UTC"
"CPS03000","2024-06",99.4,"2026-08-26 15:43:40 UTC"
"CPS03000","2024-07",99.6,"2026-08-26 15:43:40 UTC"
"CPS03000","2024-08",99.7,"2026-08-26 15:43:40 UTC"
"CPS03000","2024-09",99.8,"2026-08-26 15:43:40 UTC"
"CPS03000","2024-10",100,"2026-08-26 15:43:40 UTC"
"CPS03000","2024-11",100,"2026-08-26 15:43:40 UTC"
"CPS03000","2024-12",100,"2026-08-26 15:43:40 UTC"
"CPS03000","2025-01",100.1,"2026-08-26 15:43:40 UTC"
"CPS03000","2025-02",100.2,"2026-08-26 15:43:40 UTC"
"CPS03000","2025-03",100.4,"2026-08-26 15:43:40 UTC"
"CPS03000","2025-04",100.5,"2026-08-26 15:43:40 UTC"
"CPS03000","2025-05",100.6,"2026-08-26 15:43:40 UTC"
"CPS03000","2025-06",100.7,"2026-08-26 15:43:40 UTC"
"CPS03000","2025-07",100.8,"2026-08-26 15:43:40 UTC"
"CPS03000","2025-08",100.9,"2026-08-26 15:43:40 UTC"
"CPS03000","2025-09",101,"2026-08-26 15:43:40 UTC"
"CPS03000","2025-10",101.1,"2026-08-26 15:43:40 UTC"
"CPS03000","2025-11",101.1,"2026-08-26 15:43:40 UTC"
"CPS03000","2025-12",101.2,"2026-08-26 15:43:40 UTC"
"CPS03000","2026-01",101.3,"2026-08-26 15:43:40 UTC"
"CPS03000","2026-02",101.4,"2026-08-26 15:43:40 UTC"
"CPS03000","2026-03",101.6,"2026-08-26 15:43:40 UTC"
"CPS03000","2026-04",101.7,"2026-08-26 15:43:40 UTC"
"CPS03000","2026-05",101.8,"2026-08-26 15:43:40 UTC"
"CPS03000","2026-06",101.9,"2026-08-26 15:43:40 UTC"
"CPS03000","2026-07",102,"2026-08-26 15:43:40 UTC"
"CPS04000","2008-01",40.2,"2026-08-26 15:43:40 UTC"
"CPS04000","2008-02",40.2,"2026-08-26 15:43:40 UTC"
"CPS04000","2008-03",40.8,"2026-08-26 15:43:40 UTC"
"CPS04000","2008-04",40.9,"2026-08-26 15:43:40 UTC"
"CPS04000","2008-05",40.9,"2026-08-26 15:43:40 UTC"
"CPS04000","2008-06",41.6,"2026-08-26 15:43:40 UTC"
"CPS04000","2008-07",42.6,"2026-08-26 15:43:40 UTC"
"CPS04000","2008-08",42.9,"2026-08-26 15:43:40 UTC"
"CPS04000","2008-09",43.3,"2026-08-26 15:43:40 UTC"
"CPS04000","2008-10",43.4,"2026-08-26 15:43:40 UTC"
"CPS04000","2008-11",43.4,"2026-08-26 15:43:40 UTC"
"CPS04000","2008-12",43.7,"2026-08-26 15:43:40 UTC"
"CPS04000","2009-01",43.8,"2026-08-26 15:43:40 UTC"
"CPS04000","2009-02",43.8,"2026-08-26 15:43:40 UTC"
"CPS04000","2009-03",44.1,"2026-08-26 15:43:40 UTC"
"CPS04000","2009-04",44.2,"2026-08-26 15:43:40 UTC"
"CPS04000","2009-05",44.2,"2026-08-26 15:43:40 UTC"
"CPS04000","2009-06",44.6,"2026-08-26 15:43:40 UTC"
"CPS04000","2009-07",46.1,"2026-08-26 15:43:40 UTC"
"CPS04000","2009-08",46.3,"2026-08-26 15:43:40 UTC"
"CPS04000","2009-09",46.6,"2026-08-26 15:43:40 UTC"
"CPS04000","2009-10",46.6,"2026-08-26 15:43:40 UTC"
"CPS04000","2009-11",46.6,"2026-08-26 15:43:40 UTC"
"CPS04000","2009-12",46.9,"2026-08-26 15:43:40 UTC"
"CPS04000","2010-01",47,"2026-08-26 15:43:40 UTC"
"CPS04000","2010-02",47,"2026-08-26 15:43:40 UTC"
"CPS04000","2010-03",47.2,"2026-08-26 15:43:40 UTC"
"CPS04000","2010-04",47.2,"2026-08-26 15:43:40 UTC"
"CPS04000","2010-05",47.3,"2026-08-26 15:43:40 UTC"
"CPS04000","2010-06",47.6,"2026-08-26 15:43:40 UTC"
"CPS04000","2010-07",49,"2026-08-26 15:43:40 UTC"
"CPS04000","2010-08",49.2,"2026-08-26 15:43:40 UTC"
"CPS04000","2010-09",49.6,"2026-08-26 15:43:40 UTC"
"CPS04000","2010-10",49.6,"2026-08-26 15:43:40 UTC"
"CPS04000","2010-11",49.6,"2026-08-26 15:43:40 UTC"
"CPS04000","2010-12",49.8,"2026-08-26 15:43:40 UTC"
"CPS04000","2011-01",49.8,"2026-08-26 15:43:40 UTC"
"CPS04000","2011-02",49.9,"2026-08-26 15:43:40 UTC"
"CPS04000","2011-03",50.3,"2026-08-26 15:43:40 UTC"
"CPS04000","2011-04",50.3,"2026-08-26 15:43:40 UTC"
"CPS04000","2011-05",50.4,"2026-08-26 15:43:40 UTC"
"CPS04000","2011-06",50.9,"2026-08-26 15:43:40 UTC"
"CPS04000","2011-07",52.4,"2026-08-26 15:43:40 UTC"
"CPS04000","2011-08",52.6,"2026-08-26 15:43:40 UTC"
"CPS04000","2011-09",52.9,"2026-08-26 15:43:40 UTC"
"CPS04000","2011-10",52.9,"2026-08-26 15:43:40 UTC"
"CPS04000","2011-11",52.9,"2026-08-26 15:43:40 UTC"
"CPS04000","2011-12",53.1,"2026-08-26 15:43:40 UTC"
"CPS04000","2012-01",53.1,"2026-08-26 15:43:40 UTC"
"CPS04000","2012-02",53.1,"2026-08-26 15:43:40 UTC"
"CPS04000","2012-03",53.7,"2026-08-26 15:43:40 UTC"
"CPS04000","2012-04",53.7,"2026-08-26 15:43:40 UTC"
"CPS04000","2012-05",53.7,"2026-08-26 15:43:40 UTC"
"CPS04000","2012-06",54.2,"2026-08-26 15:43:40 UTC"
"CPS04000","2012-07",55.4,"2026-08-26 15:43:40 UTC"
"CPS04000","2012-08",55.6,"2026-08-26 15:43:40 UTC"
"CPS04000","2012-09",55.9,"2026-08-26 15:43:40 UTC"
"CPS04000","2012-10",56,"2026-08-26 15:43:40 UTC"
"CPS04000","2012-11",56,"2026-08-26 15:43:40 UTC"
"CPS04000","2012-12",56.3,"2026-08-26 15:43:40 UTC"
"CPS04000","2013-01",56.4,"2026-08-26 15:43:40 UTC"
"CPS04000","2013-02",56.4,"2026-08-26 15:43:40 UTC"
"CPS04000","2013-03",56.8,"2026-08-26 15:43:40 UTC"
"CPS04000","2013-04",56.8,"2026-08-26 15:43:40 UTC"
"CPS04000","2013-05",56.8,"2026-08-26 15:43:40 UTC"
"CPS04000","2013-06",57.3,"2026-08-26 15:43:40 UTC"
"CPS04000","2013-07",58.4,"2026-08-26 15:43:40 UTC"
"CPS04000","2013-08",58.5,"2026-08-26 15:43:40 UTC"
"CPS04000","2013-09",59,"2026-08-26 15:43:40 UTC"
"CPS04000","2013-10",59,"2026-08-26 15:43:40 UTC"
"CPS04000","2013-11",59,"2026-08-26 15:43:40 UTC"
"CPS04000","2013-12",59.4,"2026-08-26 15:43:40 UTC"
"CPS04000","2014-01",59.4,"2026-08-26 15:43:40 UTC"
"CPS04000","2014-02",59.5,"2026-08-26 15:43:40 UTC"
"CPS04000","2014-03",60,"2026-08-26 15:43:40 UTC"
"CPS04000","2014-04",60.1,"2026-08-26 15:43:40 UTC"
"CPS04000","2014-05",60.1,"2026-08-26 15:43:40 UTC"
"CPS04000","2014-06",60.6,"2026-08-26 15:43:40 UTC"
"CPS04000","2014-07",61.9,"2026-08-26 15:43:40 UTC"
"CPS04000","2014-08",62,"2026-08-26 15:43:40 UTC"
"CPS04000","2014-09",62.5,"2026-08-26 15:43:40 UTC"
"CPS04000","2014-10",62.5,"2026-08-26 15:43:40 UTC"
"CPS04000","2014-11",62.5,"2026-08-26 15:43:40 UTC"
"CPS04000","2014-12",62.8,"2026-08-26 15:43:40 UTC"
"CPS04000","2015-01",62.8,"2026-08-26 15:43:40 UTC"
"CPS04000","2015-02",62.8,"2026-08-26 15:43:40 UTC"
"CPS04000","2015-03",63.4,"2026-08-26 15:43:40 UTC"
"CPS04000","2015-04",63.4,"2026-08-26 15:43:40 UTC"
"CPS04000","2015-05",63.4,"2026-08-26 15:43:40 UTC"
"CPS04000","2015-06",63.9,"2026-08-26 15:43:40 UTC"
"CPS04000","2015-07",65.9,"2026-08-26 15:43:40 UTC"
"CPS04000","2015-08",65.9,"2026-08-26 15:43:40 UTC"
"CPS04000","2015-09",66.4,"2026-08-26 15:43:40 UTC"
"CPS04000","2015-10",66.4,"2026-08-26 15:43:40 UTC"
"CPS04000","2015-11",66.4,"2026-08-26 15:43:40 UTC"
"CPS04000","2015-12",67,"2026-08-26 15:43:40 UTC"
"CPS04000","2016-01",67,"2026-08-26 15:43:40 UTC"
"CPS04000","2016-02",67,"2026-08-26 15:43:40 UTC"
"CPS04000","2016-03",67.5,"2026-08-26 15:43:40 UTC"
"CPS04000","2016-04",67.5,"2026-08-26 15:43:40 UTC"
"CPS04000","2016-05",67.5,"2026-08-26 15:43:40 UTC"
"CPS04000","2016-06",68.1,"2026-08-26 15:43:40 UTC"
"CPS04000","2016-07",69.7,"2026-08-26 15:43:40 UTC"
"CPS04000","2016-08",69.7,"2026-08-26 15:43:40 UTC"
"CPS04000","2016-09",70,"2026-08-26 15:43:40 UTC"
"CPS04000","2016-10",70,"2026-08-26 15:43:40 UTC"
"CPS04000","2016-11",70,"2026-08-26 15:43:40 UTC"
"CPS04000","2016-12",70.7,"2026-08-26 15:43:40 UTC"
"CPS04000","2017-01",70.7,"2026-08-26 15:43:40 UTC"
"CPS04000","2017-02",70.7,"2026-08-26 15:43:40 UTC"
"CPS04000","2017-03",71.3,"2026-08-26 15:43:40 UTC"
"CPS04000","2017-04",71.3,"2026-08-26 15:43:40 UTC"
"CPS04000","2017-05",71.3,"2026-08-26 15:43:40 UTC"
"CPS04000","2017-06",72,"2026-08-26 15:43:40 UTC"
"CPS04000","2017-07",72.8,"2026-08-26 15:43:40 UTC"
"CPS04000","2017-08",72.8,"2026-08-26 15:43:40 UTC"
"CPS04000","2017-09",73.4,"2026-08-26 15:43:40 UTC"
"CPS04000","2017-10",73.5,"2026-08-26 15:43:40 UTC"
"CPS04000","2017-11",73.5,"2026-08-26 15:43:40 UTC"
"CPS04000","2017-12",73.8,"2026-08-26 15:43:40 UTC"
"CPS04000","2018-01",73.8,"2026-08-26 15:43:40 UTC"
"CPS04000","2018-02",73.9,"2026-08-26 15:43:40 UTC"
"CPS04000","2018-03",74.6,"2026-08-26 15:43:40 UTC"
"CPS04000","2018-04",74.7,"2026-08-26 15:43:40 UTC"
"CPS04000","2018-05",74.7,"2026-08-26 15:43:40 UTC"
"CPS04000","2018-06",74.9,"2026-08-26 15:43:40 UTC"
"CPS04000","2018-07",76.7,"2026-08-26 15:43:40 UTC"
"CPS04000","2018-08",76.7,"2026-08-26 15:43:40 UTC"
"CPS04000","2018-09",77.4,"2026-08-26 15:43:40 UTC"
"CPS04000","2018-10",77.4,"2026-08-26 15:43:40 UTC"
"CPS04000","2018-11",77.4,"2026-08-26 15:43:40 UTC"
"CPS04000","2018-12",77.8,"2026-08-26 15:43:40 UTC"
"CPS04000","2019-01",77.8,"2026-08-26 15:43:40 UTC"
"CPS04000","2019-02",77.8,"2026-08-26 15:43:40 UTC"
"CPS04000","2019-03",78,"2026-08-26 15:43:40 UTC"
"CPS04000","2019-04",78,"2026-08-26 15:43:40 UTC"
"CPS04000","2019-05",78.1,"2026-08-26 15:43:40 UTC"
"CPS04000","2019-06",78.7,"2026-08-26 15:43:40 UTC"
"CPS04000","2019-07",80.6,"2026-08-26 15:43:40 UTC"
"CPS04000","2019-08",80.7,"2026-08-26 15:43:40 UTC"
"CPS04000","2019-09",81.1,"2026-08-26 15:43:40 UTC"
"CPS04000","2019-10",81.1,"2026-08-26 15:43:40 UTC"
"CPS04000","2019-11",81.1,"2026-08-26 15:43:40 UTC"
"CPS04000","2019-12",81.4,"2026-08-26 15:43:40 UTC"
"CPS04000","2020-01",81.4,"2026-08-26 15:43:40 UTC"
"CPS04000","2020-02",81.4,"2026-08-26 15:43:40 UTC"
"CPS04000","2020-03",81.7,"2026-08-26 15:43:40 UTC"
"CPS04000","2020-04",81.7,"2026-08-26 15:43:40 UTC"
"CPS04000","2020-05",81.7,"2026-08-26 15:43:40 UTC"
"CPS04000","2020-06",81.7,"2026-08-26 15:43:40 UTC"
"CPS04000","2020-07",83.2,"2026-08-26 15:43:40 UTC"
"CPS04000","2020-08",83.2,"2026-08-26 15:43:40 UTC"
"CPS04000","2020-09",83.4,"2026-08-26 15:43:40 UTC"
"CPS04000","2020-10",83.4,"2026-08-26 15:43:40 UTC"
"CPS04000","2020-11",83.4,"2026-08-26 15:43:40 UTC"
"CPS04000","2020-12",83.5,"2026-08-26 15:43:40 UTC"
"CPS04000","2021-01",83.5,"2026-08-26 15:43:40 UTC"
"CPS04000","2021-02",83.5,"2026-08-26 15:43:40 UTC"
"CPS04000","2021-03",83.5,"2026-08-26 15:43:40 UTC"
"CPS04000","2021-04",83.5,"2026-08-26 15:43:40 UTC"
"CPS04000","2021-05",83.5,"2026-08-26 15:43:40 UTC"
"CPS04000","2021-06",83.9,"2026-08-26 15:43:40 UTC"
"CPS04000","2021-07",86.3,"2026-08-26 15:43:40 UTC"
"CPS04000","2021-08",86.4,"2026-08-26 15:43:40 UTC"
"CPS04000","2021-09",86.7,"2026-08-26 15:43:40 UTC"
"CPS04000","2021-10",86.7,"2026-08-26 15:43:40 UTC"
"CPS04000","2021-11",86.7,"2026-08-26 15:43:40 UTC"
"CPS04000","2021-12",87.1,"2026-08-26 15:43:40 UTC"
"CPS04000","2022-01",87.1,"2026-08-26 15:43:40 UTC"
"CPS04000","2022-02",87.2,"2026-08-26 15:43:40 UTC"
"CPS04000","2022-03",87.5,"2026-08-26 15:43:40 UTC"
"CPS04000","2022-04",87.5,"2026-08-26 15:43:40 UTC"
"CPS04000","2022-05",87.6,"2026-08-26 15:43:40 UTC"
"CPS04000","2022-06",88.2,"2026-08-26 15:43:40 UTC"
"CPS04000","2022-07",89.8,"2026-08-26 15:43:40 UTC"
"CPS04000","2022-08",89.9,"2026-08-26 15:43:40 UTC"
"CPS04000","2022-09",90.3,"2026-08-26 15:43:40 UTC"
"CPS04000","2022-10",90.4,"2026-08-26 15:43:40 UTC"
"CPS04000","2022-11",90.4,"2026-08-26 15:43:40 UTC"
"CPS04000","2022-12",90.7,"2026-08-26 15:43:40 UTC"
"CPS04000","2023-01",90.7,"2026-08-26 15:43:40 UTC"
"CPS04000","2023-02",90.7,"2026-08-26 15:43:40 UTC"
"CPS04000","2023-03",91,"2026-08-26 15:43:40 UTC"
"CPS04000","2023-04",91.1,"2026-08-26 15:43:40 UTC"
"CPS04000","2023-05",91.1,"2026-08-26 15:43:40 UTC"
"CPS04000","2023-06",91.8,"2026-08-26 15:43:40 UTC"
"CPS04000","2023-07",94.4,"2026-08-26 15:43:40 UTC"
"CPS04000","2023-08",94.9,"2026-08-26 15:43:40 UTC"
"CPS04000","2023-09",95.3,"2026-08-26 15:43:40 UTC"
"CPS04000","2023-10",95.3,"2026-08-26 15:43:40 UTC"
"CPS04000","2023-11",95.4,"2026-08-26 15:43:40 UTC"
"CPS04000","2023-12",95.8,"2026-08-26 15:43:40 UTC"
"CPS04000","2024-01",95.8,"2026-08-26 15:43:40 UTC"
"CPS04000","2024-02",95.9,"2026-08-26 15:43:40 UTC"
"CPS04000","2024-03",96.4,"2026-08-26 15:43:40 UTC"
"CPS04000","2024-04",96.4,"2026-08-26 15:43:40 UTC"
"CPS04000","2024-05",96.4,"2026-08-26 15:43:40 UTC"
"CPS04000","2024-06",96.9,"2026-08-26 15:43:40 UTC"
"CPS04000","2024-07",99.4,"2026-08-26 15:43:40 UTC"
"CPS04000","2024-08",99.4,"2026-08-26 15:43:40 UTC"
"CPS04000","2024-09",99.8,"2026-08-26 15:43:40 UTC"
"CPS04000","2024-10",99.8,"2026-08-26 15:43:40 UTC"
"CPS04000","2024-11",99.8,"2026-08-26 15:43:40 UTC"
"CPS04000","2024-12",100,"2026-08-26 15:43:40 UTC"
"CPS04000","2025-01",100.1,"2026-08-26 15:43:40 UTC"
"CPS04000","2025-02",100.1,"2026-08-26 15:43:40 UTC"
"CPS04000","2025-03",100.6,"2026-08-26 15:43:40 UTC"
"CPS04000","2025-04",100.6,"2026-08-26 15:43:40 UTC"
"CPS04000","2025-05",100.7,"2026-08-26 15:43:40 UTC"
"CPS04000","2025-06",101.2,"2026-08-26 15:43:40 UTC"
"CPS04000","2025-07",103.7,"2026-08-26 15:43:40 UTC"
"CPS04000","2025-08",103.7,"2026-08-26 15:43:40 UTC"
"CPS04000","2025-09",104.3,"2026-08-26 15:43:40 UTC"
"CPS04000","2025-10",104.3,"2026-08-26 15:43:40 UTC"
"CPS04000","2025-11",104.3,"2026-08-26 15:43:40 UTC"
"CPS04000","2025-12",104.9,"2026-08-26 15:43:40 UTC"
"CPS04000","2026-01",104.9,"2026-08-26 15:43:40 UTC"
"CPS04000","2026-02",104.9,"2026-08-26 15:43:40 UTC"
"CPS04000","2026-03",105.7,"2026-08-26 15:43:40 UTC"
"CPS04000","2026-04",105.8,"2026-08-26 15:43:40 UTC"
"CPS04000","2026-05",106,"2026-08-26 15:43:40 UTC"
"CPS04000","2026-06",106.8,"2026-08-26 15:43:40 UTC"
"CPS04000","2026-07",109.1,"2026-08-26 15:43:40 UTC"
"CPS05000","2008-01",61.6,"2026-08-26 15:43:40 UTC"
"CPS05000","2008-02",61.5,"2026-08-26 15:43:40 UTC"
"CPS05000","2008-03",61.8,"2026-08-26 15:43:40 UTC"
"CPS05000","2008-04",62.2,"2026-08-26 15:43:40 UTC"
"CPS05000","2008-05",62.3,"2026-08-26 15:43:40 UTC"
"CPS05000","2008-06",62.9,"2026-08-26 15:43:40 UTC"
"CPS05000","2008-07",63,"2026-08-26 15:43:40 UTC"
"CPS05000","2008-08",63.4,"2026-08-26 15:43:40 UTC"
"CPS05000","2008-09",63.9,"2026-08-26 15:43:40 UTC"
"CPS05000","2008-10",64.1,"2026-08-26 15:43:40 UTC"
"CPS05000","2008-11",64.2,"2026-08-26 15:43:40 UTC"
"CPS05000","2008-12",64.5,"2026-08-26 15:43:40 UTC"
"CPS05000","2009-01",65.3,"2026-08-26 15:43:40 UTC"
"CPS05000","2009-02",65.7,"2026-08-26 15:43:40 UTC"
"CPS05000","2009-03",66.3,"2026-08-26 15:43:40 UTC"
"CPS05000","2009-04",66.4,"2026-08-26 15:43:40 UTC"
"CPS05000","2009-05",66.7,"2026-08-26 15:43:40 UTC"
"CPS05000","2009-06",67.3,"2026-08-26 15:43:40 UTC"
"CPS05000","2009-07",67.1,"2026-08-26 15:43:40 UTC"
"CPS05000","2009-08",67.2,"2026-08-26 15:43:40 UTC"
"CPS05000","2009-09",67.3,"2026-08-26 15:43:40 UTC"
"CPS05000","2009-10",67.1,"2026-08-26 15:43:40 UTC"
"CPS05000","2009-11",66.9,"2026-08-26 15:43:40 UTC"
"CPS05000","2009-12",66.9,"2026-08-26 15:43:40 UTC"
"CPS05000","2010-01",66.9,"2026-08-26 15:43:40 UTC"
"CPS05000","2010-02",66.8,"2026-08-26 15:43:40 UTC"
"CPS05000","2010-03",67,"2026-08-26 15:43:40 UTC"
"CPS05000","2010-04",66.8,"2026-08-26 15:43:40 UTC"
"CPS05000","2010-05",66.6,"2026-08-26 15:43:40 UTC"
"CPS05000","2010-06",67.1,"2026-08-26 15:43:40 UTC"
"CPS05000","2010-07",67.1,"2026-08-26 15:43:40 UTC"
"CPS05000","2010-08",66.9,"2026-08-26 15:43:40 UTC"
"CPS05000","2010-09",67.1,"2026-08-26 15:43:40 UTC"
"CPS05000","2010-10",67.1,"2026-08-26 15:43:40 UTC"
"CPS05000","2010-11",67.1,"2026-08-26 15:43:40 UTC"
"CPS05000","2010-12",67.2,"2026-08-26 15:43:40 UTC"
"CPS05000","2011-01",67.2,"2026-08-26 15:43:40 UTC"
"CPS05000","2011-02",67.1,"2026-08-26 15:43:40 UTC"
"CPS05000","2011-03",67.5,"2026-08-26 15:43:40 UTC"
"CPS05000","2011-04",67.4,"2026-08-26 15:43:40 UTC"
"CPS05000","2011-05",67.6,"2026-08-26 15:43:40 UTC"
"CPS05000","2011-06",68.1,"2026-08-26 15:43:40 UTC"
"CPS05000","2011-07",68.2,"2026-08-26 15:43:40 UTC"
"CPS05000","2011-08",68.2,"2026-08-26 15:43:40 UTC"
"CPS05000","2011-09",68.5,"2026-08-26 15:43:40 UTC"
"CPS05000","2011-10",68.6,"2026-08-26 15:43:40 UTC"
"CPS05000","2011-11",68.3,"2026-08-26 15:43:40 UTC"
"CPS05000","2011-12",68.5,"2026-08-26 15:43:40 UTC"
"CPS05000","2012-01",68.8,"2026-08-26 15:43:40 UTC"
"CPS05000","2012-02",68.6,"2026-08-26 15:43:40 UTC"
"CPS05000","2012-03",69,"2026-08-26 15:43:40 UTC"
"CPS05000","2012-04",69,"2026-08-26 15:43:40 UTC"
"CPS05000","2012-05",69.2,"2026-08-26 15:43:40 UTC"
"CPS05000","2012-06",69.9,"2026-08-26 15:43:40 UTC"
"CPS05000","2012-07",69.9,"2026-08-26 15:43:40 UTC"
"CPS05000","2012-08",69.9,"2026-08-26 15:43:40 UTC"
"CPS05000","2012-09",70.1,"2026-08-26 15:43:40 UTC"
"CPS05000","2012-10",70.5,"2026-08-26 15:43:40 UTC"
"CPS05000","2012-11",70.5,"2026-08-26 15:43:40 UTC"
"CPS05000","2012-12",70.8,"2026-08-26 15:43:40 UTC"
"CPS05000","2013-01",70.9,"2026-08-26 15:43:40 UTC"
"CPS05000","2013-02",70.8,"2026-08-26 15:43:40 UTC"
"CPS05000","2013-03",71.2,"2026-08-26 15:43:40 UTC"
"CPS05000","2013-04",71.2,"2026-08-26 15:43:40 UTC"
"CPS05000","2013-05",71.3,"2026-08-26 15:43:40 UTC"
"CPS05000","2013-06",72,"2026-08-26 15:43:40 UTC"
"CPS05000","2013-07",72,"2026-08-26 15:43:40 UTC"
"CPS05000","2013-08",72,"2026-08-26 15:43:40 UTC"
"CPS05000","2013-09",72.7,"2026-08-26 15:43:40 UTC"
"CPS05000","2013-10",73,"2026-08-26 15:43:40 UTC"
"CPS05000","2013-11",73.1,"2026-08-26 15:43:40 UTC"
"CPS05000","2013-12",73.2,"2026-08-26 15:43:40 UTC"
"CPS05000","2014-01",73.2,"2026-08-26 15:43:40 UTC"
"CPS05000","2014-02",73.5,"2026-08-26 15:43:40 UTC"
"CPS05000","2014-03",74.1,"2026-08-26 15:43:40 UTC"
"CPS05000","2014-04",74.1,"2026-08-26 15:43:40 UTC"
"CPS05000","2014-05",73.9,"2026-08-26 15:43:40 UTC"
"CPS05000","2014-06",74.9,"2026-08-26 15:43:40 UTC"
"CPS05000","2014-07",74.8,"2026-08-26 15:43:40 UTC"
"CPS05000","2014-08",74.6,"2026-08-26 15:43:40 UTC"
"CPS05000","2014-09",75,"2026-08-26 15:43:40 UTC"
"CPS05000","2014-10",74.8,"2026-08-26 15:43:40 UTC"
"CPS05000","2014-11",74.7,"2026-08-26 15:43:40 UTC"
"CPS05000","2014-12",74.8,"2026-08-26 15:43:40 UTC"
"CPS05000","2015-01",75,"2026-08-26 15:43:40 UTC"
"CPS05000","2015-02",75.2,"2026-08-26 15:43:40 UTC"
"CPS05000","2015-03",75.6,"2026-08-26 15:43:40 UTC"
"CPS05000","2015-04",75.7,"2026-08-26 15:43:40 UTC"
"CPS05000","2015-05",75.8,"2026-08-26 15:43:40 UTC"
"CPS05000","2015-06",76.5,"2026-08-26 15:43:40 UTC"
"CPS05000","2015-07",76.4,"2026-08-26 15:43:40 UTC"
"CPS05000","2015-08",76.7,"2026-08-26 15:43:40 UTC"
"CPS05000","2015-09",77,"2026-08-26 15:43:40 UTC"
"CPS05000","2015-10",77.1,"2026-08-26 15:43:40 UTC"
"CPS05000","2015-11",77.1,"2026-08-26 15:43:40 UTC"
"CPS05000","2015-12",77.3,"2026-08-26 15:43:40 UTC"
"CPS05000","2016-01",77.5,"2026-08-26 15:43:40 UTC"
"CPS05000","2016-02",77.9,"2026-08-26 15:43:40 UTC"
"CPS05000","2016-03",78.5,"2026-08-26 15:43:40 UTC"
"CPS05000","2016-04",78.7,"2026-08-26 15:43:40 UTC"
"CPS05000","2016-05",78.7,"2026-08-26 15:43:40 UTC"
"CPS05000","2016-06",79.5,"2026-08-26 15:43:40 UTC"
"CPS05000","2016-07",79.6,"2026-08-26 15:43:40 UTC"
"CPS05000","2016-08",79.6,"2026-08-26 15:43:40 UTC"
"CPS05000","2016-09",80.1,"2026-08-26 15:43:40 UTC"
"CPS05000","2016-10",80.1,"2026-08-26 15:43:40 UTC"
"CPS05000","2016-11",80,"2026-08-26 15:43:40 UTC"
"CPS05000","2016-12",80.5,"2026-08-26 15:43:40 UTC"
"CPS05000","2017-01",80.8,"2026-08-26 15:43:40 UTC"
"CPS05000","2017-02",80.5,"2026-08-26 15:43:40 UTC"
"CPS05000","2017-03",81,"2026-08-26 15:43:40 UTC"
"CPS05000","2017-04",80.9,"2026-08-26 15:43:40 UTC"
"CPS05000","2017-05",81,"2026-08-26 15:43:40 UTC"
"CPS05000","2017-06",81.5,"2026-08-26 15:43:40 UTC"
"CPS05000","2017-07",81.5,"2026-08-26 15:43:40 UTC"
"CPS05000","2017-08",81.2,"2026-08-26 15:43:40 UTC"
"CPS05000","2017-09",81.7,"2026-08-26 15:43:40 UTC"
"CPS05000","2017-10",81.7,"2026-08-26 15:43:40 UTC"
"CPS05000","2017-11",81.5,"2026-08-26 15:43:40 UTC"
"CPS05000","2017-12",81.9,"2026-08-26 15:43:40 UTC"
"CPS05000","2018-01",81.9,"2026-08-26 15:43:40 UTC"
"CPS05000","2018-02",82,"2026-08-26 15:43:40 UTC"
"CPS05000","2018-03",82.6,"2026-08-26 15:43:40 UTC"
"CPS05000","2018-04",82.9,"2026-08-26 15:43:40 UTC"
"CPS05000","2018-05",82.9,"2026-08-26 15:43:40 UTC"
"CPS05000","2018-06",83.7,"2026-08-26 15:43:40 UTC"
"CPS05000","2018-07",83.8,"2026-08-26 15:43:40 UTC"
"CPS05000","2018-08",83.6,"2026-08-26 15:43:40 UTC"
"CPS05000","2018-09",84.1,"2026-08-26 15:43:40 UTC"
"CPS05000","2018-10",84,"2026-08-26 15:43:40 UTC"
"CPS05000","2018-11",84.2,"2026-08-26 15:43:40 UTC"
"CPS05000","2018-12",84.6,"2026-08-26 15:43:40 UTC"
"CPS05000","2019-01",84.7,"2026-08-26 15:43:40 UTC"
"CPS05000","2019-02",84.9,"2026-08-26 15:43:40 UTC"
"CPS05000","2019-03",85.5,"2026-08-26 15:43:40 UTC"
"CPS05000","2019-04",85.6,"2026-08-26 15:43:40 UTC"
"CPS05000","2019-05",85.6,"2026-08-26 15:43:40 UTC"
"CPS05000","2019-06",86.2,"2026-08-26 15:43:40 UTC"
"CPS05000","2019-07",86.2,"2026-08-26 15:43:40 UTC"
"CPS05000","2019-08",86.3,"2026-08-26 15:43:40 UTC"
"CPS05000","2019-09",86.8,"2026-08-26 15:43:40 UTC"
"CPS05000","2019-10",86.6,"2026-08-26 15:43:40 UTC"
"CPS05000","2019-11",86.6,"2026-08-26 15:43:40 UTC"
"CPS05000","2019-12",86.9,"2026-08-26 15:43:40 UTC"
"CPS05000","2020-01",87,"2026-08-26 15:43:40 UTC"
"CPS05000","2020-02",86.9,"2026-08-26 15:43:40 UTC"
"CPS05000","2020-03",87.7,"2026-08-26 15:43:40 UTC"
"CPS05000","2020-04",87.6,"2026-08-26 15:43:40 UTC"
"CPS05000","2020-05",87.3,"2026-08-26 15:43:40 UTC"
"CPS05000","2020-06",87.6,"2026-08-26 15:43:40 UTC"
"CPS05000","2020-07",87.7,"2026-08-26 15:43:40 UTC"
"CPS05000","2020-08",87.9,"2026-08-26 15:43:40 UTC"
"CPS05000","2020-09",88.1,"2026-08-26 15:43:40 UTC"
"CPS05000","2020-10",88.2,"2026-08-26 15:43:40 UTC"
"CPS05000","2020-11",88.3,"2026-08-26 15:43:40 UTC"
"CPS05000","2020-12",88.4,"2026-08-26 15:43:40 UTC"
"CPS05000","2021-01",88.6,"2026-08-26 15:43:40 UTC"
"CPS05000","2021-02",88.4,"2026-08-26 15:43:40 UTC"
"CPS05000","2021-03",88.4,"2026-08-26 15:43:40 UTC"
"CPS05000","2021-04",88.4,"2026-08-26 15:43:40 UTC"
"CPS05000","2021-05",88.1,"2026-08-26 15:43:40 UTC"
"CPS05000","2021-06",88.8,"2026-08-26 15:43:40 UTC"
"CPS05000","2021-07",88.9,"2026-08-26 15:43:40 UTC"
"CPS05000","2021-08",89.1,"2026-08-26 15:43:40 UTC"
"CPS05000","2021-09",89.7,"2026-08-26 15:43:40 UTC"
"CPS05000","2021-10",89.8,"2026-08-26 15:43:40 UTC"
"CPS05000","2021-11",89.9,"2026-08-26 15:43:40 UTC"
"CPS05000","2021-12",90.3,"2026-08-26 15:43:40 UTC"
"CPS05000","2022-01",90.6,"2026-08-26 15:43:40 UTC"
"CPS05000","2022-02",90.6,"2026-08-26 15:43:40 UTC"
"CPS05000","2022-03",91,"2026-08-26 15:43:40 UTC"
"CPS05000","2022-04",91.2,"2026-08-26 15:43:40 UTC"
"CPS05000","2022-05",91.9,"2026-08-26 15:43:40 UTC"
"CPS05000","2022-06",93,"2026-08-26 15:43:40 UTC"
"CPS05000","2022-07",93.2,"2026-08-26 15:43:40 UTC"
"CPS05000","2022-08",93.6,"2026-08-26 15:43:40 UTC"
"CPS05000","2022-09",94.3,"2026-08-26 15:43:40 UTC"
"CPS05000","2022-10",94.8,"2026-08-26 15:43:40 UTC"
"CPS05000","2022-11",94.9,"2026-08-26 15:43:40 UTC"
"CPS05000","2022-12",95.8,"2026-08-26 15:43:40 UTC"
"CPS05000","2023-01",96.2,"2026-08-26 15:43:40 UTC"
"CPS05000","2023-02",96.2,"2026-08-26 15:43:40 UTC"
"CPS05000","2023-03",97.3,"2026-08-26 15:43:40 UTC"
"CPS05000","2023-04",97.2,"2026-08-26 15:43:40 UTC"
"CPS05000","2023-05",97,"2026-08-26 15:43:40 UTC"
"CPS05000","2023-06",97.2,"2026-08-26 15:43:40 UTC"
"CPS05000","2023-07",97.7,"2026-08-26 15:43:40 UTC"
"CPS05000","2023-08",97.6,"2026-08-26 15:43:40 UTC"
"CPS05000","2023-09",98.2,"2026-08-26 15:43:40 UTC"
"CPS05000","2023-10",98.5,"2026-08-26 15:43:40 UTC"
"CPS05000","2023-11",98.3,"2026-08-26 15:43:40 UTC"
"CPS05000","2023-12",98.6,"2026-08-26 15:43:40 UTC"
"CPS05000","2024-01",98.8,"2026-08-26 15:43:40 UTC"
"CPS05000","2024-02",98.6,"2026-08-26 15:43:40 UTC"
"CPS05000","2024-03",99,"2026-08-26 15:43:40 UTC"
"CPS05000","2024-04",98.9,"2026-08-26 15:43:40 UTC"
"CPS05000","2024-05",98.7,"2026-08-26 15:43:40 UTC"
"CPS05000","2024-06",99.7,"2026-08-26 15:43:40 UTC"
"CPS05000","2024-07",99.6,"2026-08-26 15:43:40 UTC"
"CPS05000","2024-08",99.5,"2026-08-26 15:43:40 UTC"
"CPS05000","2024-09",100.1,"2026-08-26 15:43:40 UTC"
"CPS05000","2024-10",100,"2026-08-26 15:43:40 UTC"
"CPS05000","2024-11",100,"2026-08-26 15:43:40 UTC"
"CPS05000","2024-12",100,"2026-08-26 15:43:40 UTC"
"CPS05000","2025-01",100.6,"2026-08-26 15:43:40 UTC"
"CPS05000","2025-02",100.1,"2026-08-26 15:43:40 UTC"
"CPS05000","2025-03",100.8,"2026-08-26 15:43:40 UTC"
"CPS05000","2025-04",100.6,"2026-08-26 15:43:40 UTC"
"CPS05000","2025-05",100.7,"2026-08-26 15:43:40 UTC"
"CPS05000","2025-06",100.8,"2026-08-26 15:43:40 UTC"
"CPS05000","2025-07",100.4,"2026-08-26 15:43:40 UTC"
"CPS05000","2025-08",100.3,"2026-08-26 15:43:40 UTC"
"CPS05000","2025-09",100.8,"2026-08-26 15:43:40 UTC"
"CPS05000","2025-10",100.4,"2026-08-26 15:43:40 UTC"
"CPS05000","2025-11",100.2,"2026-08-26 15:43:40 UTC"
"CPS05000","2025-12",99.8,"2026-08-26 15:43:40 UTC"
"CPS05000","2026-01",100.6,"2026-08-26 15:43:40 UTC"
"CPS05000","2026-02",100.4,"2026-08-26 15:43:40 UTC"
"CPS05000","2026-03",100.8,"2026-08-26 15:43:40 UTC"
"CPS05000","2026-04",100.9,"2026-08-26 15:43:40 UTC"
"CPS05000","2026-05",100.8,"2026-08-26 15:43:40 UTC"
"CPS05000","2026-06",101.3,"2026-08-26 15:43:40 UTC"
"CPS05000","2026-07",101.7,"2026-08-26 15:43:40 UTC"
"CPS06000","2008-01",38.8,"2026-08-26 15:43:40 UTC"
"CPS06000","2008-02",40.7,"2026-08-26 15:43:40 UTC"
"CPS06000","2008-03",40.7,"2026-08-26 15:43:40 UTC"
"CPS06000","2008-04",40.7,"2026-08-26 15:43:40 UTC"
"CPS06000","2008-05",41.1,"2026-08-26 15:43:40 UTC"
"CPS06000","2008-06",41.2,"2026-08-26 15:43:40 UTC"
"CPS06000","2008-07",41.3,"2026-08-26 15:43:40 UTC"
"CPS06000","2008-08",41.4,"2026-08-26 15:43:40 UTC"
"CPS06000","2008-09",41.4,"2026-08-26 15:43:40 UTC"
"CPS06000","2008-10",41.4,"2026-08-26 15:43:40 UTC"
"CPS06000","2008-11",41.8,"2026-08-26 15:43:40 UTC"
"CPS06000","2008-12",41.8,"2026-08-26 15:43:40 UTC"
"CPS06000","2009-01",41.8,"2026-08-26 15:43:40 UTC"
"CPS06000","2009-02",44.4,"2026-08-26 15:43:40 UTC"
"CPS06000","2009-03",45.4,"2026-08-26 15:43:40 UTC"
"CPS06000","2009-04",45.7,"2026-08-26 15:43:40 UTC"
"CPS06000","2009-05",45.8,"2026-08-26 15:43:40 UTC"
"CPS06000","2009-06",45.8,"2026-08-26 15:43:40 UTC"
"CPS06000","2009-07",45.8,"2026-08-26 15:43:40 UTC"
"CPS06000","2009-08",46,"2026-08-26 15:43:40 UTC"
"CPS06000","2009-09",46,"2026-08-26 15:43:40 UTC"
"CPS06000","2009-10",46,"2026-08-26 15:43:40 UTC"
"CPS06000","2009-11",46,"2026-08-26 15:43:40 UTC"
"CPS06000","2009-12",46,"2026-08-26 15:43:40 UTC"
"CPS06000","2010-01",46,"2026-08-26 15:43:40 UTC"
"CPS06000","2010-02",48.4,"2026-08-26 15:43:40 UTC"
"CPS06000","2010-03",48.7,"2026-08-26 15:43:40 UTC"
"CPS06000","2010-04",48.7,"2026-08-26 15:43:40 UTC"
"CPS06000","2010-05",48.7,"2026-08-26 15:43:40 UTC"
"CPS06000","2010-06",49.1,"2026-08-26 15:43:40 UTC"
"CPS06000","2010-07",49.3,"2026-08-26 15:43:40 UTC"
"CPS06000","2010-08",49.3,"2026-08-26 15:43:40 UTC"
"CPS06000","2010-09",49.3,"2026-08-26 15:43:40 UTC"
"CPS06000","2010-10",49.3,"2026-08-26 15:43:40 UTC"
"CPS06000","2010-11",49.5,"2026-08-26 15:43:40 UTC"
"CPS06000","2010-12",49.5,"2026-08-26 15:43:40 UTC"
"CPS06000","2011-01",49.5,"2026-08-26 15:43:40 UTC"
"CPS06000","2011-02",51.6,"2026-08-26 15:43:40 UTC"
"CPS06000","2011-03",51.7,"2026-08-26 15:43:40 UTC"
"CPS06000","2011-04",51.7,"2026-08-26 15:43:40 UTC"
"CPS06000","2011-05",51.8,"2026-08-26 15:43:40 UTC"
"CPS06000","2011-06",51.7,"2026-08-26 15:43:40 UTC"
"CPS06000","2011-07",51.9,"2026-08-26 15:43:40 UTC"
"CPS06000","2011-08",51.8,"2026-08-26 15:43:40 UTC"
"CPS06000","2011-09",51.9,"2026-08-26 15:43:40 UTC"
"CPS06000","2011-10",52,"2026-08-26 15:43:40 UTC"
"CPS06000","2011-11",52.1,"2026-08-26 15:43:40 UTC"
"CPS06000","2011-12",52.1,"2026-08-26 15:43:40 UTC"
"CPS06000","2012-01",52.1,"2026-08-26 15:43:40 UTC"
"CPS06000","2012-02",54.3,"2026-08-26 15:43:40 UTC"
"CPS06000","2012-03",54.3,"2026-08-26 15:43:40 UTC"
"CPS06000","2012-04",54.5,"2026-08-26 15:43:40 UTC"
"CPS06000","2012-05",54.6,"2026-08-26 15:43:40 UTC"
"CPS06000","2012-06",54.5,"2026-08-26 15:43:40 UTC"
"CPS06000","2012-07",54.6,"2026-08-26 15:43:40 UTC"
"CPS06000","2012-08",54.6,"2026-08-26 15:43:40 UTC"
"CPS06000","2012-09",54.7,"2026-08-26 15:43:40 UTC"
"CPS06000","2012-10",54.8,"2026-08-26 15:43:40 UTC"
"CPS06000","2012-11",54.9,"2026-08-26 15:43:40 UTC"
"CPS06000","2012-12",54.9,"2026-08-26 15:43:40 UTC"
"CPS06000","2013-01",54.9,"2026-08-26 15:43:40 UTC"
"CPS06000","2013-02",56.5,"2026-08-26 15:43:40 UTC"
"CPS06000","2013-03",56.5,"2026-08-26 15:43:40 UTC"
"CPS06000","2013-04",57.1,"2026-08-26 15:43:40 UTC"
"CPS06000","2013-05",57.3,"2026-08-26 15:43:40 UTC"
"CPS06000","2013-06",57.2,"2026-08-26 15:43:40 UTC"
"CPS06000","2013-07",57.2,"2026-08-26 15:43:40 UTC"
"CPS06000","2013-08",57.2,"2026-08-26 15:43:40 UTC"
"CPS06000","2013-09",57.3,"2026-08-26 15:43:40 UTC"
"CPS06000","2013-10",57.5,"2026-08-26 15:43:40 UTC"
"CPS06000","2013-11",57.4,"2026-08-26 15:43:40 UTC"
"CPS06000","2013-12",57.4,"2026-08-26 15:43:40 UTC"
"CPS06000","2014-01",57.4,"2026-08-26 15:43:40 UTC"
"CPS06000","2014-02",59.4,"2026-08-26 15:43:40 UTC"
"CPS06000","2014-03",59.5,"2026-08-26 15:43:40 UTC"
"CPS06000","2014-04",59.8,"2026-08-26 15:43:40 UTC"
"CPS06000","2014-05",60,"2026-08-26 15:43:40 UTC"
"CPS06000","2014-06",60.2,"2026-08-26 15:43:40 UTC"
"CPS06000","2014-07",60.5,"2026-08-26 15:43:40 UTC"
"CPS06000","2014-08",60.3,"2026-08-26 15:43:40 UTC"
"CPS06000","2014-09",60.6,"2026-08-26 15:43:40 UTC"
"CPS06000","2014-10",60.8,"2026-08-26 15:43:40 UTC"
"CPS06000","2014-11",60.8,"2026-08-26 15:43:40 UTC"
"CPS06000","2014-12",60.6,"2026-08-26 15:43:40 UTC"
"CPS06000","2015-01",60.8,"2026-08-26 15:43:40 UTC"
"CPS06000","2015-02",62.8,"2026-08-26 15:43:40 UTC"
"CPS06000","2015-03",63,"2026-08-26 15:43:40 UTC"
"CPS06000","2015-04",63.4,"2026-08-26 15:43:40 UTC"
"CPS06000","2015-05",64.1,"2026-08-26 15:43:40 UTC"
"CPS06000","2015-06",63.9,"2026-08-26 15:43:40 UTC"
"CPS06000","2015-07",64.1,"2026-08-26 15:43:40 UTC"
"CPS06000","2015-08",64.1,"2026-08-26 15:43:40 UTC"
"CPS06000","2015-09",64.1,"2026-08-26 15:43:40 UTC"
"CPS06000","2015-10",64.4,"2026-08-26 15:43:40 UTC"
"CPS06000","2015-11",64.3,"2026-08-26 15:43:40 UTC"
"CPS06000","2015-12",64.4,"2026-08-26 15:43:40 UTC"
"CPS06000","2016-01",64.3,"2026-08-26 15:43:40 UTC"
"CPS06000","2016-02",66.3,"2026-08-26 15:43:40 UTC"
"CPS06000","2016-03",67.1,"2026-08-26 15:43:40 UTC"
"CPS06000","2016-04",67.4,"2026-08-26 15:43:40 UTC"
"CPS06000","2016-05",67.3,"2026-08-26 15:43:40 UTC"
"CPS06000","2016-06",67.3,"2026-08-26 15:43:40 UTC"
"CPS06000","2016-07",67.4,"2026-08-26 15:43:40 UTC"
"CPS06000","2016-08",67.4,"2026-08-26 15:43:40 UTC"
"CPS06000","2016-09",67.4,"2026-08-26 15:43:40 UTC"
"CPS06000","2016-10",67.7,"2026-08-26 15:43:40 UTC"
"CPS06000","2016-11",67.9,"2026-08-26 15:43:40 UTC"
"CPS06000","2016-12",68,"2026-08-26 15:43:40 UTC"
"CPS06000","2017-01",68.1,"2026-08-26 15:43:40 UTC"
"CPS06000","2017-02",70.7,"2026-08-26 15:43:40 UTC"
"CPS06000","2017-03",71.3,"2026-08-26 15:43:40 UTC"
"CPS06000","2017-04",71.6,"2026-08-26 15:43:40 UTC"
"CPS06000","2017-05",71.9,"2026-08-26 15:43:40 UTC"
"CPS06000","2017-06",72,"2026-08-26 15:43:40 UTC"
"CPS06000","2017-07",72.2,"2026-08-26 15:43:40 UTC"
"CPS06000","2017-08",72,"2026-08-26 15:43:40 UTC"
"CPS06000","2017-09",72.2,"2026-08-26 15:43:40 UTC"
"CPS06000","2017-10",72.3,"2026-08-26 15:43:40 UTC"
"CPS06000","2017-11",72.3,"2026-08-26 15:43:40 UTC"
"CPS06000","2017-12",72,"2026-08-26 15:43:40 UTC"
"CPS06000","2018-01",72.3,"2026-08-26 15:43:40 UTC"
"CPS06000","2018-02",74.7,"2026-08-26 15:43:40 UTC"
"CPS06000","2018-03",74.9,"2026-08-26 15:43:40 UTC"
"CPS06000","2018-04",75.2,"2026-08-26 15:43:40 UTC"
"CPS06000","2018-05",75.3,"2026-08-26 15:43:40 UTC"
"CPS06000","2018-06",75.3,"2026-08-26 15:43:40 UTC"
"CPS06000","2018-07",75.3,"2026-08-26 15:43:40 UTC"
"CPS06000","2018-08",75.8,"2026-08-26 15:43:40 UTC"
"CPS06000","2018-09",76,"2026-08-26 15:43:40 UTC"
"CPS06000","2018-10",75.9,"2026-08-26 15:43:40 UTC"
"CPS06000","2018-11",75.9,"2026-08-26 15:43:40 UTC"
"CPS06000","2018-12",75.7,"2026-08-26 15:43:40 UTC"
"CPS06000","2019-01",75.7,"2026-08-26 15:43:40 UTC"
"CPS06000","2019-02",77.9,"2026-08-26 15:43:40 UTC"
"CPS06000","2019-03",78.9,"2026-08-26 15:43:40 UTC"
"CPS06000","2019-04",78.7,"2026-08-26 15:43:40 UTC"
"CPS06000","2019-05",79.3,"2026-08-26 15:43:40 UTC"
"CPS06000","2019-06",79.4,"2026-08-26 15:43:40 UTC"
"CPS06000","2019-07",79.5,"2026-08-26 15:43:40 UTC"
"CPS06000","2019-08",79.5,"2026-08-26 15:43:40 UTC"
"CPS06000","2019-09",79.6,"2026-08-26 15:43:40 UTC"
"CPS06000","2019-10",79.5,"2026-08-26 15:43:40 UTC"
"CPS06000","2019-11",79.6,"2026-08-26 15:43:40 UTC"
"CPS06000","2019-12",79.3,"2026-08-26 15:43:40 UTC"
"CPS06000","2020-01",79.6,"2026-08-26 15:43:40 UTC"
"CPS06000","2020-02",82.2,"2026-08-26 15:43:40 UTC"
"CPS06000","2020-03",82.5,"2026-08-26 15:43:40 UTC"
"CPS06000","2020-04",82.5,"2026-08-26 15:43:40 UTC"
"CPS06000","2020-05",82.5,"2026-08-26 15:43:40 UTC"
"CPS06000","2020-06",82.4,"2026-08-26 15:43:40 UTC"
"CPS06000","2020-07",82.6,"2026-08-26 15:43:40 UTC"
"CPS06000","2020-08",82.7,"2026-08-26 15:43:40 UTC"
"CPS06000","2020-09",82.6,"2026-08-26 15:43:40 UTC"
"CPS06000","2020-10",82.7,"2026-08-26 15:43:40 UTC"
"CPS06000","2020-11",82.7,"2026-08-26 15:43:40 UTC"
"CPS06000","2020-12",82.8,"2026-08-26 15:43:40 UTC"
"CPS06000","2021-01",83.2,"2026-08-26 15:43:40 UTC"
"CPS06000","2021-02",84.5,"2026-08-26 15:43:40 UTC"
"CPS06000","2021-03",85,"2026-08-26 15:43:40 UTC"
"CPS06000","2021-04",85.3,"2026-08-26 15:43:40 UTC"
"CPS06000","2021-05",85.4,"2026-08-26 15:43:40 UTC"
"CPS06000","2021-06",85.5,"2026-08-26 15:43:40 UTC"
"CPS06000","2021-07",85.6,"2026-08-26 15:43:40 UTC"
"CPS06000","2021-08",85.6,"2026-08-26 15:43:40 UTC"
"CPS06000","2021-09",85.7,"2026-08-26 15:43:40 UTC"
"CPS06000","2021-10",85.8,"2026-08-26 15:43:40 UTC"
"CPS06000","2021-11",85.8,"2026-08-26 15:43:40 UTC"
"CPS06000","2021-12",85.9,"2026-08-26 15:43:40 UTC"
"CPS06000","2022-01",86,"2026-08-26 15:43:40 UTC"
"CPS06000","2022-02",88.7,"2026-08-26 15:43:40 UTC"
"CPS06000","2022-03",89.1,"2026-08-26 15:43:40 UTC"
"CPS06000","2022-04",89.3,"2026-08-26 15:43:40 UTC"
"CPS06000","2022-05",89.6,"2026-08-26 15:43:40 UTC"
"CPS06000","2022-06",89.9,"2026-08-26 15:43:40 UTC"
"CPS06000","2022-07",89.4,"2026-08-26 15:43:40 UTC"
"CPS06000","2022-08",89.5,"2026-08-26 15:43:40 UTC"
"CPS06000","2022-09",89.3,"2026-08-26 15:43:40 UTC"
"CPS06000","2022-10",89.8,"2026-08-26 15:43:40 UTC"
"CPS06000","2022-11",89.9,"2026-08-26 15:43:40 UTC"
"CPS06000","2022-12",90,"2026-08-26 15:43:40 UTC"
"CPS06000","2023-01",90.1,"2026-08-26 15:43:40 UTC"
"CPS06000","2023-02",93.2,"2026-08-26 15:43:40 UTC"
"CPS06000","2023-03",93.7,"2026-08-26 15:43:40 UTC"
"CPS06000","2023-04",94.2,"2026-08-26 15:43:40 UTC"
"CPS06000","2023-05",94.8,"2026-08-26 15:43:40 UTC"
"CPS06000","2023-06",95.2,"2026-08-26 15:43:40 UTC"
"CPS06000","2023-07",95,"2026-08-26 15:43:40 UTC"
"CPS06000","2023-08",95.1,"2026-08-26 15:43:40 UTC"
"CPS06000","2023-09",95.2,"2026-08-26 15:43:40 UTC"
"CPS06000","2023-10",95.5,"2026-08-26 15:43:40 UTC"
"CPS06000","2023-11",95.7,"2026-08-26 15:43:40 UTC"
"CPS06000","2023-12",95.9,"2026-08-26 15:43:40 UTC"
"CPS06000","2024-01",96,"2026-08-26 15:43:40 UTC"
"CPS06000","2024-02",99,"2026-08-26 15:43:40 UTC"
"CPS06000","2024-03",99.4,"2026-08-26 15:43:40 UTC"
"CPS06000","2024-04",99.8,"2026-08-26 15:43:40 UTC"
"CPS06000","2024-05",99.8,"2026-08-26 15:43:40 UTC"
"CPS06000","2024-06",99.9,"2026-08-26 15:43:40 UTC"
"CPS06000","2024-07",99.8,"2026-08-26 15:43:40 UTC"
"CPS06000","2024-08",99.9,"2026-08-26 15:43:40 UTC"
"CPS06000","2024-09",100,"2026-08-26 15:43:40 UTC"
"CPS06000","2024-10",100.1,"2026-08-26 15:43:40 UTC"
"CPS06000","2024-11",100.1,"2026-08-26 15:43:40 UTC"
"CPS06000","2024-12",100,"2026-08-26 15:43:40 UTC"
"CPS06000","2025-01",100.2,"2026-08-26 15:43:40 UTC"
"CPS06000","2025-02",102.8,"2026-08-26 15:43:40 UTC"
"CPS06000","2025-03",103.6,"2026-08-26 15:43:40 UTC"
"CPS06000","2025-04",104,"2026-08-26 15:43:40 UTC"
"CPS06000","2025-05",104.2,"2026-08-26 15:43:40 UTC"
"CPS06000","2025-06",104.5,"2026-08-26 15:43:40 UTC"
"CPS06000","2025-07",104.4,"2026-08-26 15:43:40 UTC"
"CPS06000","2025-08",104.6,"2026-08-26 15:43:40 UTC"
"CPS06000","2025-09",104.9,"2026-08-26 15:43:40 UTC"
"CPS06000","2025-10",105,"2026-08-26 15:43:40 UTC"
"CPS06000","2025-11",105,"2026-08-26 15:43:40 UTC"
"CPS06000","2025-12",105,"2026-08-26 15:43:40 UTC"
"CPS06000","2026-01",105.2,"2026-08-26 15:43:40 UTC"
"CPS06000","2026-02",107.3,"2026-08-26 15:43:40 UTC"
"CPS06000","2026-03",107.6,"2026-08-26 15:43:40 UTC"
"CPS06000","2026-04",107.8,"2026-08-26 15:43:40 UTC"
"CPS06000","2026-05",107.8,"2026-08-26 15:43:40 UTC"
"CPS06000","2026-06",108.2,"2026-08-26 15:43:40 UTC"
"CPS06000","2026-07",108.3,"2026-08-26 15:43:40 UTC"
"CPS07000","2008-01",45.8,"2026-08-26 15:43:40 UTC"
"CPS07000","2008-02",45.9,"2026-08-26 15:43:40 UTC"
"CPS07000","2008-03",46.8,"2026-08-26 15:43:40 UTC"
"CPS07000","2008-04",47.4,"2026-08-26 15:43:40 UTC"
"CPS07000","2008-05",47.9,"2026-08-26 15:43:40 UTC"
"CPS07000","2008-06",49.5,"2026-08-26 15:43:40 UTC"
"CPS07000","2008-07",50.5,"2026-08-26 15:43:40 UTC"
"CPS07000","2008-08",50,"2026-08-26 15:43:40 UTC"
"CPS07000","2008-09",49.7,"2026-08-26 15:43:40 UTC"
"CPS07000","2008-10",49.5,"2026-08-26 15:43:40 UTC"
"CPS07000","2008-11",48.9,"2026-08-26 15:43:40 UTC"
"CPS07000","2008-12",47.2,"2026-08-26 15:43:40 UTC"
"CPS07000","2009-01",45.8,"2026-08-26 15:43:40 UTC"
"CPS07000","2009-02",46.6,"2026-08-26 15:43:40 UTC"
"CPS07000","2009-03",47.1,"2026-08-26 15:43:40 UTC"
"CPS07000","2009-04",47.9,"2026-08-26 15:43:40 UTC"
"CPS07000","2009-05",48.2,"2026-08-26 15:43:40 UTC"
"CPS07000","2009-06",48.4,"2026-08-26 15:43:40 UTC"
"CPS07000","2009-07",48.8,"2026-08-26 15:43:40 UTC"
"CPS07000","2009-08",48.7,"2026-08-26 15:43:40 UTC"
"CPS07000","2009-09",49,"2026-08-26 15:43:40 UTC"
"CPS07000","2009-10",48.5,"2026-08-26 15:43:40 UTC"
"CPS07000","2009-11",48.5,"2026-08-26 15:43:40 UTC"
"CPS07000","2009-12",48.9,"2026-08-26 15:43:40 UTC"
"CPS07000","2010-01",48.7,"2026-08-26 15:43:40 UTC"
"CPS07000","2010-02",49,"2026-08-26 15:43:40 UTC"
"CPS07000","2010-03",49.2,"2026-08-26 15:43:40 UTC"
"CPS07000","2010-04",49.7,"2026-08-26 15:43:40 UTC"
"CPS07000","2010-05",49.9,"2026-08-26 15:43:40 UTC"
"CPS07000","2010-06",49.5,"2026-08-26 15:43:40 UTC"
"CPS07000","2010-07",49.3,"2026-08-26 15:43:40 UTC"
"CPS07000","2010-08",49.2,"2026-08-26 15:43:40 UTC"
"CPS07000","2010-09",49,"2026-08-26 15:43:40 UTC"
"CPS07000","2010-10",49.5,"2026-08-26 15:43:40 UTC"
"CPS07000","2010-11",49.6,"2026-08-26 15:43:40 UTC"
"CPS07000","2010-12",49.6,"2026-08-26 15:43:40 UTC"
"CPS07000","2011-01",49.9,"2026-08-26 15:43:40 UTC"
"CPS07000","2011-02",50.3,"2026-08-26 15:43:40 UTC"
"CPS07000","2011-03",50.8,"2026-08-26 15:43:40 UTC"
"CPS07000","2011-04",51.5,"2026-08-26 15:43:40 UTC"
"CPS07000","2011-05",51.7,"2026-08-26 15:43:40 UTC"
"CPS07000","2011-06",52,"2026-08-26 15:43:40 UTC"
"CPS07000","2011-07",51.9,"2026-08-26 15:43:40 UTC"
"CPS07000","2011-08",52.1,"2026-08-26 15:43:40 UTC"
"CPS07000","2011-09",52.3,"2026-08-26 15:43:40 UTC"
"CPS07000","2011-10",52.7,"2026-08-26 15:43:40 UTC"
"CPS07000","2011-11",53.1,"2026-08-26 15:43:40 UTC"
"CPS07000","2011-12",53.1,"2026-08-26 15:43:40 UTC"
"CPS07000","2012-01",53.2,"2026-08-26 15:43:40 UTC"
"CPS07000","2012-02",53.7,"2026-08-26 15:43:40 UTC"
"CPS07000","2012-03",54.1,"2026-08-26 15:43:40 UTC"
"CPS07000","2012-04",55.1,"2026-08-26 15:43:40 UTC"
"CPS07000","2012-05",55.2,"2026-08-26 15:43:40 UTC"
"CPS07000","2012-06",55.3,"2026-08-26 15:43:40 UTC"
"CPS07000","2012-07",54.4,"2026-08-26 15:43:40 UTC"
"CPS07000","2012-08",54.6,"2026-08-26 15:43:40 UTC"
"CPS07000","2012-09",55.8,"2026-08-26 15:43:40 UTC"
"CPS07000","2012-10",55.9,"2026-08-26 15:43:40 UTC"
"CPS07000","2012-11",55.9,"2026-08-26 15:43:40 UTC"
"CPS07000","2012-12",56,"2026-08-26 15:43:40 UTC"
"CPS07000","2013-01",55.9,"2026-08-26 15:43:40 UTC"
"CPS07000","2013-02",56.6,"2026-08-26 15:43:40 UTC"
"CPS07000","2013-03",58.2,"2026-08-26 15:43:40 UTC"
"CPS07000","2013-04",58.5,"2026-08-26 15:43:40 UTC"
"CPS07000","2013-05",57.2,"2026-08-26 15:43:40 UTC"
"CPS07000","2013-06",57.4,"2026-08-26 15:43:40 UTC"
"CPS07000","2013-07",58.8,"2026-08-26 15:43:40 UTC"
"CPS07000","2013-08",59.5,"2026-08-26 15:43:40 UTC"
"CPS07000","2013-09",59.6,"2026-08-26 15:43:40 UTC"
"CPS07000","2013-10",59.5,"2026-08-26 15:43:40 UTC"
"CPS07000","2013-11",59.1,"2026-08-26 15:43:40 UTC"
"CPS07000","2013-12",59.5,"2026-08-26 15:43:40 UTC"
"CPS07000","2014-01",60.3,"2026-08-26 15:43:40 UTC"
"CPS07000","2014-02",61.2,"2026-08-26 15:43:40 UTC"
"CPS07000","2014-03",62.2,"2026-08-26 15:43:40 UTC"
"CPS07000","2014-04",62.4,"2026-08-26 15:43:40 UTC"
"CPS07000","2014-05",62.3,"2026-08-26 15:43:40 UTC"
"CPS07000","2014-06",62.3,"2026-08-26 15:43:40 UTC"
"CPS07000","2014-07",62.8,"2026-08-26 15:43:40 UTC"
"CPS07000","2014-08",63.1,"2026-08-26 15:43:40 UTC"
"CPS07000","2014-09",62.1,"2026-08-26 15:43:40 UTC"
"CPS07000","2014-10",62.3,"2026-08-26 15:43:40 UTC"
"CPS07000","2014-11",61.6,"2026-08-26 15:43:40 UTC"
"CPS07000","2014-12",60.6,"2026-08-26 15:43:40 UTC"
"CPS07000","2015-01",58.7,"2026-08-26 15:43:40 UTC"
"CPS07000","2015-02",57.3,"2026-08-26 15:43:40 UTC"
"CPS07000","2015-03",59.1,"2026-08-26 15:43:40 UTC"
"CPS07000","2015-04",61.8,"2026-08-26 15:43:40 UTC"
"CPS07000","2015-05",61.9,"2026-08-26 15:43:40 UTC"
"CPS07000","2015-06",62.7,"2026-08-26 15:43:40 UTC"
"CPS07000","2015-07",63.4,"2026-08-26 15:43:40 UTC"
"CPS07000","2015-08",62.6,"2026-08-26 15:43:40 UTC"
"CPS07000","2015-09",61.6,"2026-08-26 15:43:40 UTC"
"CPS07000","2015-10",61.9,"2026-08-26 15:43:40 UTC"
"CPS07000","2015-11",61.6,"2026-08-26 15:43:40 UTC"
"CPS07000","2015-12",61.7,"2026-08-26 15:43:40 UTC"
"CPS07000","2016-01",62,"2026-08-26 15:43:40 UTC"
"CPS07000","2016-02",62.3,"2026-08-26 15:43:40 UTC"
"CPS07000","2016-03",61.9,"2026-08-26 15:43:40 UTC"
"CPS07000","2016-04",63.4,"2026-08-26 15:43:40 UTC"
"CPS07000","2016-05",63.9,"2026-08-26 15:43:40 UTC"
"CPS07000","2016-06",64.8,"2026-08-26 15:43:40 UTC"
"CPS07000","2016-07",65.4,"2026-08-26 15:43:40 UTC"
"CPS07000","2016-08",63.9,"2026-08-26 15:43:40 UTC"
"CPS07000","2016-09",63.9,"2026-08-26 15:43:40 UTC"
"CPS07000","2016-10",64.6,"2026-08-26 15:43:40 UTC"
"CPS07000","2016-11",65.4,"2026-08-26 15:43:40 UTC"
"CPS07000","2016-12",65.2,"2026-08-26 15:43:40 UTC"
"CPS07000","2017-01",66.2,"2026-08-26 15:43:40 UTC"
"CPS07000","2017-02",66.8,"2026-08-26 15:43:40 UTC"
"CPS07000","2017-03",66.6,"2026-08-26 15:43:40 UTC"
"CPS07000","2017-04",66.4,"2026-08-26 15:43:40 UTC"
"CPS07000","2017-05",67.2,"2026-08-26 15:43:40 UTC"
"CPS07000","2017-06",67,"2026-08-26 15:43:40 UTC"
"CPS07000","2017-07",66,"2026-08-26 15:43:40 UTC"
"CPS07000","2017-08",66.3,"2026-08-26 15:43:40 UTC"
"CPS07000","2017-09",67.5,"2026-08-26 15:43:40 UTC"
"CPS07000","2017-10",68.1,"2026-08-26 15:43:40 UTC"
"CPS07000","2017-11",68.3,"2026-08-26 15:43:40 UTC"
"CPS07000","2017-12",69.4,"2026-08-26 15:43:40 UTC"
"CPS07000","2018-01",69.1,"2026-08-26 15:43:40 UTC"
"CPS07000","2018-02",68.9,"2026-08-26 15:43:40 UTC"
"CPS07000","2018-03",68.5,"2026-08-26 15:43:40 UTC"
"CPS07000","2018-04",69.7,"2026-08-26 15:43:40 UTC"
"CPS07000","2018-05",70.6,"2026-08-26 15:43:40 UTC"
"CPS07000","2018-06",71.9,"2026-08-26 15:43:40 UTC"
"CPS07000","2018-07",72.6,"2026-08-26 15:43:40 UTC"
"CPS07000","2018-08",72.7,"2026-08-26 15:43:40 UTC"
"CPS07000","2018-09",73.3,"2026-08-26 15:43:40 UTC"
"CPS07000","2018-10",75.2,"2026-08-26 15:43:40 UTC"
"CPS07000","2018-11",75.7,"2026-08-26 15:43:40 UTC"
"CPS07000","2018-12",73.6,"2026-08-26 15:43:40 UTC"
"CPS07000","2019-01",71.1,"2026-08-26 15:43:40 UTC"
"CPS07000","2019-02",71.4,"2026-08-26 15:43:40 UTC"
"CPS07000","2019-03",72.9,"2026-08-26 15:43:40 UTC"
"CPS07000","2019-04",74.9,"2026-08-26 15:43:40 UTC"
"CPS07000","2019-05",75.6,"2026-08-26 15:43:40 UTC"
"CPS07000","2019-06",75.8,"2026-08-26 15:43:40 UTC"
"CPS07000","2019-07",74.8,"2026-08-26 15:43:40 UTC"
"CPS07000","2019-08",75,"2026-08-26 15:43:40 UTC"
"CPS07000","2019-09",75,"2026-08-26 15:43:40 UTC"
"CPS07000","2019-10",75.5,"2026-08-26 15:43:40 UTC"
"CPS07000","2019-11",75.5,"2026-08-26 15:43:40 UTC"
"CPS07000","2019-12",76,"2026-08-26 15:43:40 UTC"
"CPS07000","2020-01",75.7,"2026-08-26 15:43:40 UTC"
"CPS07000","2020-02",75.8,"2026-08-26 15:43:40 UTC"
"CPS07000","2020-03",75.3,"2026-08-26 15:43:40 UTC"
"CPS07000","2020-04",72.3,"2026-08-26 15:43:40 UTC"
"CPS07000","2020-05",69.3,"2026-08-26 15:43:40 UTC"
"CPS07000","2020-06",71.4,"2026-08-26 15:43:40 UTC"
"CPS07000","2020-07",74.8,"2026-08-26 15:43:40 UTC"
"CPS07000","2020-08",75,"2026-08-26 15:43:40 UTC"
"CPS07000","2020-09",75.2,"2026-08-26 15:43:40 UTC"
"CPS07000","2020-10",75,"2026-08-26 15:43:40 UTC"
"CPS07000","2020-11",74.5,"2026-08-26 15:43:40 UTC"
"CPS07000","2020-12",74.8,"2026-08-26 15:43:40 UTC"
"CPS07000","2021-01",75.4,"2026-08-26 15:43:40 UTC"
"CPS07000","2021-02",76.8,"2026-08-26 15:43:40 UTC"
"CPS07000","2021-03",78.2,"2026-08-26 15:43:40 UTC"
"CPS07000","2021-04",79.9,"2026-08-26 15:43:40 UTC"
"CPS07000","2021-05",79.8,"2026-08-26 15:43:40 UTC"
"CPS07000","2021-06",80.2,"2026-08-26 15:43:40 UTC"
"CPS07000","2021-07",80.7,"2026-08-26 15:43:40 UTC"
"CPS07000","2021-08",82.5,"2026-08-26 15:43:40 UTC"
"CPS07000","2021-09",82.9,"2026-08-26 15:43:40 UTC"
"CPS07000","2021-10",83.2,"2026-08-26 15:43:40 UTC"
"CPS07000","2021-11",85.6,"2026-08-26 15:43:40 UTC"
"CPS07000","2021-12",87.3,"2026-08-26 15:43:40 UTC"
"CPS07000","2022-01",86.3,"2026-08-26 15:43:40 UTC"
"CPS07000","2022-02",87.8,"2026-08-26 15:43:40 UTC"
"CPS07000","2022-03",90.5,"2026-08-26 15:43:40 UTC"
"CPS07000","2022-04",91.7,"2026-08-26 15:43:40 UTC"
"CPS07000","2022-05",92.4,"2026-08-26 15:43:40 UTC"
"CPS07000","2022-06",96.2,"2026-08-26 15:43:40 UTC"
"CPS07000","2022-07",100.9,"2026-08-26 15:43:40 UTC"
"CPS07000","2022-08",99.9,"2026-08-26 15:43:40 UTC"
"CPS07000","2022-09",97.7,"2026-08-26 15:43:40 UTC"
"CPS07000","2022-10",97.5,"2026-08-26 15:43:40 UTC"
"CPS07000","2022-11",98.7,"2026-08-26 15:43:40 UTC"
"CPS07000","2022-12",99.4,"2026-08-26 15:43:40 UTC"
"CPS07000","2023-01",95.9,"2026-08-26 15:43:40 UTC"
"CPS07000","2023-02",96.5,"2026-08-26 15:43:40 UTC"
"CPS07000","2023-03",98.5,"2026-08-26 15:43:40 UTC"
"CPS07000","2023-04",98.7,"2026-08-26 15:43:40 UTC"
"CPS07000","2023-05",98.9,"2026-08-26 15:43:40 UTC"
"CPS07000","2023-06",98,"2026-08-26 15:43:40 UTC"
"CPS07000","2023-07",98.3,"2026-08-26 15:43:40 UTC"
"CPS07000","2023-08",99.1,"2026-08-26 15:43:40 UTC"
"CPS07000","2023-09",101.8,"2026-08-26 15:43:40 UTC"
"CPS07000","2023-10",104.7,"2026-08-26 15:43:40 UTC"
"CPS07000","2023-11",103,"2026-08-26 15:43:40 UTC"
"CPS07000","2023-12",102,"2026-08-26 15:43:40 UTC"
"CPS07000","2024-01",100.3,"2026-08-26 15:43:40 UTC"
"CPS07000","2024-02",101.7,"2026-08-26 15:43:40 UTC"
"CPS07000","2024-03",103.8,"2026-08-26 15:43:40 UTC"
"CPS07000","2024-04",104.4,"2026-08-26 15:43:40 UTC"
"CPS07000","2024-05",105.1,"2026-08-26 15:43:40 UTC"
"CPS07000","2024-06",103.4,"2026-08-26 15:43:40 UTC"
"CPS07000","2024-07",102.4,"2026-08-26 15:43:40 UTC"
"CPS07000","2024-08",101.9,"2026-08-26 15:43:40 UTC"
"CPS07000","2024-09",100.7,"2026-08-26 15:43:40 UTC"
"CPS07000","2024-10",99.2,"2026-08-26 15:43:40 UTC"
"CPS07000","2024-11",99.6,"2026-08-26 15:43:40 UTC"
"CPS07000","2024-12",100,"2026-08-26 15:43:40 UTC"
"CPS07000","2025-01",100.1,"2026-08-26 15:43:40 UTC"
"CPS07000","2025-02",101.2,"2026-08-26 15:43:40 UTC"
"CPS07000","2025-03",101.3,"2026-08-26 15:43:40 UTC"
"CPS07000","2025-04",100.3,"2026-08-26 15:43:40 UTC"
"CPS07000","2025-05",100.1,"2026-08-26 15:43:40 UTC"
"CPS07000","2025-06",100,"2026-08-26 15:43:40 UTC"
"CPS07000","2025-07",100.7,"2026-08-26 15:43:40 UTC"
"CPS07000","2025-08",100.5,"2026-08-26 15:43:40 UTC"
"CPS07000","2025-09",100.6,"2026-08-26 15:43:40 UTC"
"CPS07000","2025-10",100.7,"2026-08-26 15:43:40 UTC"
"CPS07000","2025-11",100.3,"2026-08-26 15:43:40 UTC"
"CPS07000","2025-12",101,"2026-08-26 15:43:40 UTC"
"CPS07000","2026-01",99.9,"2026-08-26 15:43:40 UTC"
"CPS07000","2026-02",99.1,"2026-08-26 15:43:40 UTC"
"CPS07000","2026-03",99.7,"2026-08-26 15:43:40 UTC"
"CPS07000","2026-04",105.2,"2026-08-26 15:43:40 UTC"
"CPS07000","2026-05",109.5,"2026-08-26 15:43:40 UTC"
"CPS07000","2026-06",112.7,"2026-08-26 15:43:40 UTC"
"CPS07000","2026-07",109.7,"2026-08-26 15:43:40 UTC"
"CPS08000","2008-01",106.6,"2026-08-26 15:43:40 UTC"
"CPS08000","2008-02",106.5,"2026-08-26 15:43:40 UTC"
"CPS08000","2008-03",106.4,"2026-08-26 15:43:40 UTC"
"CPS08000","2008-04",106,"2026-08-26 15:43:40 UTC"
"CPS08000","2008-05",106.1,"2026-08-26 15:43:40 UTC"
"CPS08000","2008-06",106.1,"2026-08-26 15:43:40 UTC"
"CPS08000","2008-07",106,"2026-08-26 15:43:40 UTC"
"CPS08000","2008-08",107.3,"2026-08-26 15:43:40 UTC"
"CPS08000","2008-09",107.1,"2026-08-26 15:43:40 UTC"
"CPS08000","2008-10",107.1,"2026-08-26 15:43:40 UTC"
"CPS08000","2008-11",107,"2026-08-26 15:43:40 UTC"
"CPS08000","2008-12",107.1,"2026-08-26 15:43:40 UTC"
"CPS08000","2009-01",107.3,"2026-08-26 15:43:40 UTC"
"CPS08000","2009-02",107.2,"2026-08-26 15:43:40 UTC"
"CPS08000","2009-03",107.1,"2026-08-26 15:43:40 UTC"
"CPS08000","2009-04",107,"2026-08-26 15:43:40 UTC"
"CPS08000","2009-05",107,"2026-08-26 15:43:40 UTC"
"CPS08000","2009-06",106.7,"2026-08-26 15:43:40 UTC"
"CPS08000","2009-07",106.6,"2026-08-26 15:43:40 UTC"
"CPS08000","2009-08",108.7,"2026-08-26 15:43:40 UTC"
"CPS08000","2009-09",108.1,"2026-08-26 15:43:40 UTC"
"CPS08000","2009-10",107.6,"2026-08-26 15:43:40 UTC"
"CPS08000","2009-11",107.4,"2026-08-26 15:43:40 UTC"
"CPS08000","2009-12",107.3,"2026-08-26 15:43:40 UTC"
"CPS08000","2010-01",107.2,"2026-08-26 15:43:40 UTC"
"CPS08000","2010-02",107.1,"2026-08-26 15:43:40 UTC"
"CPS08000","2010-03",106.1,"2026-08-26 15:43:40 UTC"
"CPS08000","2010-04",105.9,"2026-08-26 15:43:40 UTC"
"CPS08000","2010-05",105.7,"2026-08-26 15:43:40 UTC"
"CPS08000","2010-06",105.5,"2026-08-26 15:43:40 UTC"
"CPS08000","2010-07",105.3,"2026-08-26 15:43:40 UTC"
"CPS08000","2010-08",105.5,"2026-08-26 15:43:40 UTC"
"CPS08000","2010-09",105.3,"2026-08-26 15:43:40 UTC"
"CPS08000","2010-10",105.2,"2026-08-26 15:43:40 UTC"
"CPS08000","2010-11",104.9,"2026-08-26 15:43:40 UTC"
"CPS08000","2010-12",104.8,"2026-08-26 15:43:40 UTC"
"CPS08000","2011-01",104.7,"2026-08-26 15:43:40 UTC"
"CPS08000","2011-02",104.4,"2026-08-26 15:43:40 UTC"
"CPS08000","2011-03",104.2,"2026-08-26 15:43:40 UTC"
"CPS08000","2011-04",104.2,"2026-08-26 15:43:40 UTC"
"CPS08000","2011-05",104,"2026-08-26 15:43:40 UTC"
"CPS08000","2011-06",104,"2026-08-26 15:43:40 UTC"
"CPS08000","2011-07",103.9,"2026-08-26 15:43:40 UTC"
"CPS08000","2011-08",103.3,"2026-08-26 15:43:40 UTC"
"CPS08000","2011-09",103.2,"2026-08-26 15:43:40 UTC"
"CPS08000","2011-10",103.2,"2026-08-26 15:43:40 UTC"
"CPS08000","2011-11",103.1,"2026-08-26 15:43:40 UTC"
"CPS08000","2011-12",103,"2026-08-26 15:43:40 UTC"
"CPS08000","2012-01",103,"2026-08-26 15:43:40 UTC"
"CPS08000","2012-02",102.8,"2026-08-26 15:43:40 UTC"
"CPS08000","2012-03",102.8,"2026-08-26 15:43:40 UTC"
"CPS08000","2012-04",103,"2026-08-26 15:43:40 UTC"
"CPS08000","2012-05",102.9,"2026-08-26 15:43:40 UTC"
"CPS08000","2012-06",102.9,"2026-08-26 15:43:40 UTC"
"CPS08000","2012-07",102.9,"2026-08-26 15:43:40 UTC"
"CPS08000","2012-08",103,"2026-08-26 15:43:40 UTC"
"CPS08000","2012-09",103,"2026-08-26 15:43:40 UTC"
"CPS08000","2012-10",103,"2026-08-26 15:43:40 UTC"
"CPS08000","2012-11",103.1,"2026-08-26 15:43:40 UTC"
"CPS08000","2012-12",103,"2026-08-26 15:43:40 UTC"
"CPS08000","2013-01",103,"2026-08-26 15:43:40 UTC"
"CPS08000","2013-02",102.9,"2026-08-26 15:43:40 UTC"
"CPS08000","2013-03",103.8,"2026-08-26 15:43:40 UTC"
"CPS08000","2013-04",103.8,"2026-08-26 15:43:40 UTC"
"CPS08000","2013-05",103.8,"2026-08-26 15:43:40 UTC"
"CPS08000","2013-06",104.4,"2026-08-26 15:43:40 UTC"
"CPS08000","2013-07",104.8,"2026-08-26 15:43:40 UTC"
"CPS08000","2013-08",105.2,"2026-08-26 15:43:40 UTC"
"CPS08000","2013-09",104.8,"2026-08-26 15:43:40 UTC"
"CPS08000","2013-10",105.4,"2026-08-26 15:43:40 UTC"
"CPS08000","2013-11",104.2,"2026-08-26 15:43:40 UTC"
"CPS08000","2013-12",104.1,"2026-08-26 15:43:40 UTC"
"CPS08000","2014-01",104.1,"2026-08-26 15:43:40 UTC"
"CPS08000","2014-02",104.1,"2026-08-26 15:43:40 UTC"
"CPS08000","2014-03",104,"2026-08-26 15:43:40 UTC"
"CPS08000","2014-04",103.4,"2026-08-26 15:43:40 UTC"
"CPS08000","2014-05",103.3,"2026-08-26 15:43:40 UTC"
"CPS08000","2014-06",103.3,"2026-08-26 15:43:40 UTC"
"CPS08000","2014-07",103.3,"2026-08-26 15:43:40 UTC"
"CPS08000","2014-08",103.5,"2026-08-26 15:43:40 UTC"
"CPS08000","2014-09",103.4,"2026-08-26 15:43:40 UTC"
"CPS08000","2014-10",103.3,"2026-08-26 15:43:40 UTC"
"CPS08000","2014-11",103.3,"2026-08-26 15:43:40 UTC"
"CPS08000","2014-12",102.4,"2026-08-26 15:43:40 UTC"
"CPS08000","2015-01",102.4,"2026-08-26 15:43:40 UTC"
"CPS08000","2015-02",102.4,"2026-08-26 15:43:40 UTC"
"CPS08000","2015-03",102.4,"2026-08-26 15:43:40 UTC"
"CPS08000","2015-04",102.4,"2026-08-26 15:43:40 UTC"
"CPS08000","2015-05",102.9,"2026-08-26 15:43:40 UTC"
"CPS08000","2015-06",102.9,"2026-08-26 15:43:40 UTC"
"CPS08000","2015-07",102.6,"2026-08-26 15:43:40 UTC"
"CPS08000","2015-08",102.7,"2026-08-26 15:43:40 UTC"
"CPS08000","2015-09",102.7,"2026-08-26 15:43:40 UTC"
"CPS08000","2015-10",102.6,"2026-08-26 15:43:40 UTC"
"CPS08000","2015-11",102.6,"2026-08-26 15:43:40 UTC"
"CPS08000","2015-12",102.6,"2026-08-26 15:43:40 UTC"
"CPS08000","2016-01",102.7,"2026-08-26 15:43:40 UTC"
"CPS08000","2016-02",102.6,"2026-08-26 15:43:40 UTC"
"CPS08000","2016-03",102.5,"2026-08-26 15:43:40 UTC"
"CPS08000","2016-04",102.5,"2026-08-26 15:43:40 UTC"
"CPS08000","2016-05",102.5,"2026-08-26 15:43:40 UTC"
"CPS08000","2016-06",102.5,"2026-08-26 15:43:40 UTC"
"CPS08000","2016-07",102.5,"2026-08-26 15:43:40 UTC"
"CPS08000","2016-08",102.5,"2026-08-26 15:43:40 UTC"
"CPS08000","2016-09",102.5,"2026-08-26 15:43:40 UTC"
"CPS08000","2016-10",102.5,"2026-08-26 15:43:40 UTC"
"CPS08000","2016-11",102.4,"2026-08-26 15:43:40 UTC"
"CPS08000","2016-12",102.4,"2026-08-26 15:43:40 UTC"
"CPS08000","2017-01",102.3,"2026-08-26 15:43:40 UTC"
"CPS08000","2017-02",102.3,"2026-08-26 15:43:40 UTC"
"CPS08000","2017-03",101.6,"2026-08-26 15:43:40 UTC"
"CPS08000","2017-04",101.7,"2026-08-26 15:43:40 UTC"
"CPS08000","2017-05",101.6,"2026-08-26 15:43:40 UTC"
"CPS08000","2017-06",101.4,"2026-08-26 15:43:40 UTC"
"CPS08000","2017-07",101.3,"2026-08-26 15:43:40 UTC"
"CPS08000","2017-08",101.2,"2026-08-26 15:43:40 UTC"
"CPS08000","2017-09",101.1,"2026-08-26 15:43:40 UTC"
"CPS08000","2017-10",101,"2026-08-26 15:43:40 UTC"
"CPS08000","2017-11",100.8,"2026-08-26 15:43:40 UTC"
"CPS08000","2017-12",100.7,"2026-08-26 15:43:40 UTC"
"CPS08000","2018-01",100.7,"2026-08-26 15:43:40 UTC"
"CPS08000","2018-02",100.7,"2026-08-26 15:43:40 UTC"
"CPS08000","2018-03",100.6,"2026-08-26 15:43:40 UTC"
"CPS08000","2018-04",102.7,"2026-08-26 15:43:40 UTC"
"CPS08000","2018-05",102.7,"2026-08-26 15:43:40 UTC"
"CPS08000","2018-06",102.5,"2026-08-26 15:43:40 UTC"
"CPS08000","2018-07",102.4,"2026-08-26 15:43:40 UTC"
"CPS08000","2018-08",102.4,"2026-08-26 15:43:40 UTC"
"CPS08000","2018-09",102.2,"2026-08-26 15:43:40 UTC"
"CPS08000","2018-10",102.2,"2026-08-26 15:43:40 UTC"
"CPS08000","2018-11",102.2,"2026-08-26 15:43:40 UTC"
"CPS08000","2018-12",102.1,"2026-08-26 15:43:40 UTC"
"CPS08000","2019-01",102.2,"2026-08-26 15:43:40 UTC"
"CPS08000","2019-02",102.2,"2026-08-26 15:43:40 UTC"
"CPS08000","2019-03",102.1,"2026-08-26 15:43:40 UTC"
"CPS08000","2019-04",102.3,"2026-08-26 15:43:40 UTC"
"CPS08000","2019-05",102.2,"2026-08-26 15:43:40 UTC"
"CPS08000","2019-06",102.2,"2026-08-26 15:43:40 UTC"
"CPS08000","2019-07",102.3,"2026-08-26 15:43:40 UTC"
"CPS08000","2019-08",102.3,"2026-08-26 15:43:40 UTC"
"CPS08000","2019-09",102.2,"2026-08-26 15:43:40 UTC"
"CPS08000","2019-10",102.3,"2026-08-26 15:43:40 UTC"
"CPS08000","2019-11",102.2,"2026-08-26 15:43:40 UTC"
"CPS08000","2019-12",102.2,"2026-08-26 15:43:40 UTC"
"CPS08000","2020-01",102.3,"2026-08-26 15:43:40 UTC"
"CPS08000","2020-02",102.2,"2026-08-26 15:43:40 UTC"
"CPS08000","2020-03",102.2,"2026-08-26 15:43:40 UTC"
"CPS08000","2020-04",102,"2026-08-26 15:43:40 UTC"
"CPS08000","2020-05",101.8,"2026-08-26 15:43:40 UTC"
"CPS08000","2020-06",102.1,"2026-08-26 15:43:40 UTC"
"CPS08000","2020-07",102.1,"2026-08-26 15:43:40 UTC"
"CPS08000","2020-08",102,"2026-08-26 15:43:40 UTC"
"CPS08000","2020-09",102,"2026-08-26 15:43:40 UTC"
"CPS08000","2020-10",101.9,"2026-08-26 15:43:40 UTC"
"CPS08000","2020-11",101.8,"2026-08-26 15:43:40 UTC"
"CPS08000","2020-12",101.7,"2026-08-26 15:43:40 UTC"
"CPS08000","2021-01",101.8,"2026-08-26 15:43:40 UTC"
"CPS08000","2021-02",101.7,"2026-08-26 15:43:40 UTC"
"CPS08000","2021-03",101.7,"2026-08-26 15:43:40 UTC"
"CPS08000","2021-04",101.6,"2026-08-26 15:43:40 UTC"
"CPS08000","2021-05",101.6,"2026-08-26 15:43:40 UTC"
"CPS08000","2021-06",101.6,"2026-08-26 15:43:40 UTC"
"CPS08000","2021-07",101.6,"2026-08-26 15:43:40 UTC"
"CPS08000","2021-08",101.5,"2026-08-26 15:43:40 UTC"
"CPS08000","2021-09",101.4,"2026-08-26 15:43:40 UTC"
"CPS08000","2021-10",101.3,"2026-08-26 15:43:40 UTC"
"CPS08000","2021-11",101.2,"2026-08-26 15:43:40 UTC"
"CPS08000","2021-12",101.1,"2026-08-26 15:43:40 UTC"
"CPS08000","2022-01",100.9,"2026-08-26 15:43:40 UTC"
"CPS08000","2022-02",100.8,"2026-08-26 15:43:40 UTC"
"CPS08000","2022-03",100.8,"2026-08-26 15:43:40 UTC"
"CPS08000","2022-04",100.7,"2026-08-26 15:43:40 UTC"
"CPS08000","2022-05",101,"2026-08-26 15:43:40 UTC"
"CPS08000","2022-06",101.4,"2026-08-26 15:43:40 UTC"
"CPS08000","2022-07",101,"2026-08-26 15:43:40 UTC"
"CPS08000","2022-08",101.2,"2026-08-26 15:43:40 UTC"
"CPS08000","2022-09",101,"2026-08-26 15:43:40 UTC"
"CPS08000","2022-10",100.9,"2026-08-26 15:43:40 UTC"
"CPS08000","2022-11",100.3,"2026-08-26 15:43:40 UTC"
"CPS08000","2022-12",100.2,"2026-08-26 15:43:40 UTC"
"CPS08000","2023-01",100.5,"2026-08-26 15:43:40 UTC"
"CPS08000","2023-02",100.9,"2026-08-26 15:43:40 UTC"
"CPS08000","2023-03",100.8,"2026-08-26 15:43:40 UTC"
"CPS08000","2023-04",100.9,"2026-08-26 15:43:40 UTC"
"CPS08000","2023-05",100.8,"2026-08-26 15:43:40 UTC"
"CPS08000","2023-06",100.7,"2026-08-26 15:43:40 UTC"
"CPS08000","2023-07",100.6,"2026-08-26 15:43:40 UTC"
"CPS08000","2023-08",100.6,"2026-08-26 15:43:40 UTC"
"CPS08000","2023-09",100.6,"2026-08-26 15:43:40 UTC"
"CPS08000","2023-10",100.6,"2026-08-26 15:43:40 UTC"
"CPS08000","2023-11",100.4,"2026-08-26 15:43:40 UTC"
"CPS08000","2023-12",100.2,"2026-08-26 15:43:40 UTC"
"CPS08000","2024-01",100.3,"2026-08-26 15:43:40 UTC"
"CPS08000","2024-02",100.1,"2026-08-26 15:43:40 UTC"
"CPS08000","2024-03",100,"2026-08-26 15:43:40 UTC"
"CPS08000","2024-04",100.8,"2026-08-26 15:43:40 UTC"
"CPS08000","2024-05",100.5,"2026-08-26 15:43:40 UTC"
"CPS08000","2024-06",100.4,"2026-08-26 15:43:40 UTC"
"CPS08000","2024-07",100.4,"2026-08-26 15:43:40 UTC"
"CPS08000","2024-08",100.3,"2026-08-26 15:43:40 UTC"
"CPS08000","2024-09",100.1,"2026-08-26 15:43:40 UTC"
"CPS08000","2024-10",100.1,"2026-08-26 15:43:40 UTC"
"CPS08000","2024-11",100,"2026-08-26 15:43:40 UTC"
"CPS08000","2024-12",100,"2026-08-26 15:43:40 UTC"
"CPS08000","2025-01",99.8,"2026-08-26 15:43:40 UTC"
"CPS08000","2025-02",99.7,"2026-08-26 15:43:40 UTC"
"CPS08000","2025-03",99.6,"2026-08-26 15:43:40 UTC"
"CPS08000","2025-04",101.5,"2026-08-26 15:43:40 UTC"
"CPS08000","2025-05",101.5,"2026-08-26 15:43:40 UTC"
"CPS08000","2025-06",101.5,"2026-08-26 15:43:40 UTC"
"CPS08000","2025-07",101.4,"2026-08-26 15:43:40 UTC"
"CPS08000","2025-08",101.2,"2026-08-26 15:43:40 UTC"
"CPS08000","2025-09",101,"2026-08-26 15:43:40 UTC"
"CPS08000","2025-10",100.7,"2026-08-26 15:43:40 UTC"
"CPS08000","2025-11",100.3,"2026-08-26 15:43:40 UTC"
"CPS08000","2025-12",100.2,"2026-08-26 15:43:40 UTC"
"CPS08000","2026-01",100.2,"2026-08-26 15:43:40 UTC"
"CPS08000","2026-02",100.2,"2026-08-26 15:43:40 UTC"
"CPS08000","2026-03",100.3,"2026-08-26 15:43:40 UTC"
"CPS08000","2026-04",102.4,"2026-08-26 15:43:40 UTC"
"CPS08000","2026-05",103.2,"2026-08-26 15:43:40 UTC"
"CPS08000","2026-06",103.2,"2026-08-26 15:43:40 UTC"
"CPS08000","2026-07",103.1,"2026-08-26 15:43:40 UTC"
"CPS09000","2008-01",63.6,"2026-08-26 15:43:40 UTC"
"CPS09000","2008-02",63.6,"2026-08-26 15:43:40 UTC"
"CPS09000","2008-03",63.6,"2026-08-26 15:43:40 UTC"
"CPS09000","2008-04",64.2,"2026-08-26 15:43:40 UTC"
"CPS09000","2008-05",65.2,"2026-08-26 15:43:40 UTC"
"CPS09000","2008-06",65.2,"2026-08-26 15:43:40 UTC"
"CPS09000","2008-07",65.4,"2026-08-26 15:43:40 UTC"
"CPS09000","2008-08",66.7,"2026-08-26 15:43:40 UTC"
"CPS09000","2008-09",66.9,"2026-08-26 15:43:40 UTC"
"CPS09000","2008-10",67.3,"2026-08-26 15:43:40 UTC"
"CPS09000","2008-11",69,"2026-08-26 15:43:40 UTC"
"CPS09000","2008-12",68.3,"2026-08-26 15:43:40 UTC"
"CPS09000","2009-01",69,"2026-08-26 15:43:40 UTC"
"CPS09000","2009-02",69.8,"2026-08-26 15:43:40 UTC"
"CPS09000","2009-03",73,"2026-08-26 15:43:40 UTC"
"CPS09000","2009-04",74,"2026-08-26 15:43:40 UTC"
"CPS09000","2009-05",74.3,"2026-08-26 15:43:40 UTC"
"CPS09000","2009-06",74,"2026-08-26 15:43:40 UTC"
"CPS09000","2009-07",74.5,"2026-08-26 15:43:40 UTC"
"CPS09000","2009-08",74.6,"2026-08-26 15:43:40 UTC"
"CPS09000","2009-09",74.5,"2026-08-26 15:43:40 UTC"
"CPS09000","2009-10",74.5,"2026-08-26 15:43:40 UTC"
"CPS09000","2009-11",74.5,"2026-08-26 15:43:40 UTC"
"CPS09000","2009-12",74.6,"2026-08-26 15:43:40 UTC"
"CPS09000","2010-01",74.6,"2026-08-26 15:43:40 UTC"
"CPS09000","2010-02",74.1,"2026-08-26 15:43:40 UTC"
"CPS09000","2010-03",74.7,"2026-08-26 15:43:40 UTC"
"CPS09000","2010-04",73.4,"2026-08-26 15:43:40 UTC"
"CPS09000","2010-05",73.4,"2026-08-26 15:43:40 UTC"
"CPS09000","2010-06",73,"2026-08-26 15:43:40 UTC"
"CPS09000","2010-07",72.8,"2026-08-26 15:43:40 UTC"
"CPS09000","2010-08",73.1,"2026-08-26 15:43:40 UTC"
"CPS09000","2010-09",72.9,"2026-08-26 15:43:40 UTC"
"CPS09000","2010-10",73.3,"2026-08-26 15:43:40 UTC"
"CPS09000","2010-11",73.4,"2026-08-26 15:43:40 UTC"
"CPS09000","2010-12",73.4,"2026-08-26 15:43:40 UTC"
"CPS09000","2011-01",72.9,"2026-08-26 15:43:40 UTC"
"CPS09000","2011-02",72.9,"2026-08-26 15:43:40 UTC"
"CPS09000","2011-03",73.4,"2026-08-26 15:43:40 UTC"
"CPS09000","2011-04",73.6,"2026-08-26 15:43:40 UTC"
"CPS09000","2011-05",73.9,"2026-08-26 15:43:40 UTC"
"CPS09000","2011-06",73.5,"2026-08-26 15:43:40 UTC"
"CPS09000","2011-07",73,"2026-08-26 15:43:40 UTC"
"CPS09000","2011-08",72.8,"2026-08-26 15:43:40 UTC"
"CPS09000","2011-09",73,"2026-08-26 15:43:40 UTC"
"CPS09000","2011-10",72.4,"2026-08-26 15:43:40 UTC"
"CPS09000","2011-11",73,"2026-08-26 15:43:40 UTC"
"CPS09000","2011-12",72.8,"2026-08-26 15:43:40 UTC"
"CPS09000","2012-01",72.8,"2026-08-26 15:43:40 UTC"
"CPS09000","2012-02",73,"2026-08-26 15:43:40 UTC"
"CPS09000","2012-03",72.8,"2026-08-26 15:43:40 UTC"
"CPS09000","2012-04",73.4,"2026-08-26 15:43:40 UTC"
"CPS09000","2012-05",73,"2026-08-26 15:43:40 UTC"
"CPS09000","2012-06",73.4,"2026-08-26 15:43:40 UTC"
"CPS09000","2012-07",73.8,"2026-08-26 15:43:40 UTC"
"CPS09000","2012-08",73.8,"2026-08-26 15:43:40 UTC"
"CPS09000","2012-09",74.1,"2026-08-26 15:43:40 UTC"
"CPS09000","2012-10",75,"2026-08-26 15:43:40 UTC"
"CPS09000","2012-11",75,"2026-08-26 15:43:40 UTC"
"CPS09000","2012-12",74.7,"2026-08-26 15:43:40 UTC"
"CPS09000","2013-01",75,"2026-08-26 15:43:40 UTC"
"CPS09000","2013-02",75.7,"2026-08-26 15:43:40 UTC"
"CPS09000","2013-03",76.1,"2026-08-26 15:43:40 UTC"
"CPS09000","2013-04",76.3,"2026-08-26 15:43:40 UTC"
"CPS09000","2013-05",76.4,"2026-08-26 15:43:40 UTC"
"CPS09000","2013-06",76.5,"2026-08-26 15:43:40 UTC"
"CPS09000","2013-07",76.3,"2026-08-26 15:43:40 UTC"
"CPS09000","2013-08",76.5,"2026-08-26 15:43:40 UTC"
"CPS09000","2013-09",76.8,"2026-08-26 15:43:40 UTC"
"CPS09000","2013-10",76.8,"2026-08-26 15:43:40 UTC"
"CPS09000","2013-11",77,"2026-08-26 15:43:40 UTC"
"CPS09000","2013-12",76.9,"2026-08-26 15:43:40 UTC"
"CPS09000","2014-01",77.6,"2026-08-26 15:43:40 UTC"
"CPS09000","2014-02",77.6,"2026-08-26 15:43:40 UTC"
"CPS09000","2014-03",77.8,"2026-08-26 15:43:40 UTC"
"CPS09000","2014-04",78.3,"2026-08-26 15:43:40 UTC"
"CPS09000","2014-05",78.5,"2026-08-26 15:43:40 UTC"
"CPS09000","2014-06",78.6,"2026-08-26 15:43:40 UTC"
"CPS09000","2014-07",78.8,"2026-08-26 15:43:40 UTC"
"CPS09000","2014-08",79,"2026-08-26 15:43:40 UTC"
"CPS09000","2014-09",79,"2026-08-26 15:43:40 UTC"
"CPS09000","2014-10",79,"2026-08-26 15:43:40 UTC"
"CPS09000","2014-11",79.1,"2026-08-26 15:43:40 UTC"
"CPS09000","2014-12",79.2,"2026-08-26 15:43:40 UTC"
"CPS09000","2015-01",79.5,"2026-08-26 15:43:40 UTC"
"CPS09000","2015-02",79.7,"2026-08-26 15:43:40 UTC"
"CPS09000","2015-03",79.6,"2026-08-26 15:43:40 UTC"
"CPS09000","2015-04",79.9,"2026-08-26 15:43:40 UTC"
"CPS09000","2015-05",79.9,"2026-08-26 15:43:40 UTC"
"CPS09000","2015-06",80.1,"2026-08-26 15:43:40 UTC"
"CPS09000","2015-07",80.5,"2026-08-26 15:43:40 UTC"
"CPS09000","2015-08",80.8,"2026-08-26 15:43:40 UTC"
"CPS09000","2015-09",80.7,"2026-08-26 15:43:40 UTC"
"CPS09000","2015-10",81.2,"2026-08-26 15:43:40 UTC"
"CPS09000","2015-11",81.6,"2026-08-26 15:43:40 UTC"
"CPS09000","2015-12",81.3,"2026-08-26 15:43:40 UTC"
"CPS09000","2016-01",84.2,"2026-08-26 15:43:40 UTC"
"CPS09000","2016-02",84.5,"2026-08-26 15:43:40 UTC"
"CPS09000","2016-03",84.6,"2026-08-26 15:43:40 UTC"
"CPS09000","2016-04",84.9,"2026-08-26 15:43:40 UTC"
"CPS09000","2016-05",84.8,"2026-08-26 15:43:40 UTC"
"CPS09000","2016-06",85.4,"2026-08-26 15:43:40 UTC"
"CPS09000","2016-07",85.6,"2026-08-26 15:43:40 UTC"
"CPS09000","2016-08",86.2,"2026-08-26 15:43:40 UTC"
"CPS09000","2016-09",86.2,"2026-08-26 15:43:40 UTC"
"CPS09000","2016-10",86.7,"2026-08-26 15:43:40 UTC"
"CPS09000","2016-11",86.6,"2026-08-26 15:43:40 UTC"
"CPS09000","2016-12",87.5,"2026-08-26 15:43:40 UTC"
"CPS09000","2017-01",87.4,"2026-08-26 15:43:40 UTC"
"CPS09000","2017-02",87.7,"2026-08-26 15:43:40 UTC"
"CPS09000","2017-03",87.8,"2026-08-26 15:43:40 UTC"
"CPS09000","2017-04",88,"2026-08-26 15:43:40 UTC"
"CPS09000","2017-05",88,"2026-08-26 15:43:40 UTC"
"CPS09000","2017-06",88.1,"2026-08-26 15:43:40 UTC"
"CPS09000","2017-07",88.3,"2026-08-26 15:43:40 UTC"
"CPS09000","2017-08",88.3,"2026-08-26 15:43:40 UTC"
"CPS09000","2017-09",88.1,"2026-08-26 15:43:40 UTC"
"CPS09000","2017-10",88,"2026-08-26 15:43:40 UTC"
"CPS09000","2017-11",87.9,"2026-08-26 15:43:40 UTC"
"CPS09000","2017-12",87.9,"2026-08-26 15:43:40 UTC"
"CPS09000","2018-01",88,"2026-08-26 15:43:40 UTC"
"CPS09000","2018-02",88.1,"2026-08-26 15:43:40 UTC"
"CPS09000","2018-03",88,"2026-08-26 15:43:40 UTC"
"CPS09000","2018-04",89.2,"2026-08-26 15:43:40 UTC"
"CPS09000","2018-05",89.2,"2026-08-26 15:43:40 UTC"
"CPS09000","2018-06",88.7,"2026-08-26 15:43:40 UTC"
"CPS09000","2018-07",88.7,"2026-08-26 15:43:40 UTC"
"CPS09000","2018-08",88.6,"2026-08-26 15:43:40 UTC"
"CPS09000","2018-09",88.6,"2026-08-26 15:43:40 UTC"
"CPS09000","2018-10",88.7,"2026-08-26 15:43:40 UTC"
"CPS09000","2018-11",88.7,"2026-08-26 15:43:40 UTC"
"CPS09000","2018-12",88.8,"2026-08-26 15:43:40 UTC"
"CPS09000","2019-01",89,"2026-08-26 15:43:40 UTC"
"CPS09000","2019-02",89.2,"2026-08-26 15:43:40 UTC"
"CPS09000","2019-03",89.1,"2026-08-26 15:43:40 UTC"
"CPS09000","2019-04",89.4,"2026-08-26 15:43:40 UTC"
"CPS09000","2019-05",89.5,"2026-08-26 15:43:40 UTC"
"CPS09000","2019-06",89.4,"2026-08-26 15:43:40 UTC"
"CPS09000","2019-07",89.4,"2026-08-26 15:43:40 UTC"
"CPS09000","2019-08",89.7,"2026-08-26 15:43:40 UTC"
"CPS09000","2019-09",89.8,"2026-08-26 15:43:40 UTC"
"CPS09000","2019-10",89.6,"2026-08-26 15:43:40 UTC"
"CPS09000","2019-11",89.8,"2026-08-26 15:43:40 UTC"
"CPS09000","2019-12",89.9,"2026-08-26 15:43:40 UTC"
"CPS09000","2020-01",89.7,"2026-08-26 15:43:40 UTC"
"CPS09000","2020-02",89.9,"2026-08-26 15:43:40 UTC"
"CPS09000","2020-03",89.9,"2026-08-26 15:43:40 UTC"
"CPS09000","2020-04",89.8,"2026-08-26 15:43:40 UTC"
"CPS09000","2020-05",90.4,"2026-08-26 15:43:40 UTC"
"CPS09000","2020-06",90.4,"2026-08-26 15:43:40 UTC"
"CPS09000","2020-07",90.5,"2026-08-26 15:43:40 UTC"
"CPS09000","2020-08",90.5,"2026-08-26 15:43:40 UTC"
"CPS09000","2020-09",90.8,"2026-08-26 15:43:40 UTC"
"CPS09000","2020-10",91.2,"2026-08-26 15:43:40 UTC"
"CPS09000","2020-11",91.4,"2026-08-26 15:43:40 UTC"
"CPS09000","2020-12",91.4,"2026-08-26 15:43:40 UTC"
"CPS09000","2021-01",91.1,"2026-08-26 15:43:40 UTC"
"CPS09000","2021-02",91.1,"2026-08-26 15:43:40 UTC"
"CPS09000","2021-03",91.5,"2026-08-26 15:43:40 UTC"
"CPS09000","2021-04",91.9,"2026-08-26 15:43:40 UTC"
"CPS09000","2021-05",91.8,"2026-08-26 15:43:40 UTC"
"CPS09000","2021-06",91.8,"2026-08-26 15:43:40 UTC"
"CPS09000","2021-07",92,"2026-08-26 15:43:40 UTC"
"CPS09000","2021-08",92.3,"2026-08-26 15:43:40 UTC"
"CPS09000","2021-09",92.3,"2026-08-26 15:43:40 UTC"
"CPS09000","2021-10",92.5,"2026-08-26 15:43:40 UTC"
"CPS09000","2021-11",92.6,"2026-08-26 15:43:40 UTC"
"CPS09000","2021-12",92.7,"2026-08-26 15:43:40 UTC"
"CPS09000","2022-01",92.9,"2026-08-26 15:43:40 UTC"
"CPS09000","2022-02",93,"2026-08-26 15:43:40 UTC"
"CPS09000","2022-03",93,"2026-08-26 15:43:40 UTC"
"CPS09000","2022-04",93.3,"2026-08-26 15:43:40 UTC"
"CPS09000","2022-05",93.6,"2026-08-26 15:43:40 UTC"
"CPS09000","2022-06",93.8,"2026-08-26 15:43:40 UTC"
"CPS09000","2022-07",94.8,"2026-08-26 15:43:40 UTC"
"CPS09000","2022-08",94.9,"2026-08-26 15:43:40 UTC"
"CPS09000","2022-09",95,"2026-08-26 15:43:40 UTC"
"CPS09000","2022-10",95.2,"2026-08-26 15:43:40 UTC"
"CPS09000","2022-11",95.3,"2026-08-26 15:43:40 UTC"
"CPS09000","2022-12",95.8,"2026-08-26 15:43:40 UTC"
"CPS09000","2023-01",95.8,"2026-08-26 15:43:40 UTC"
"CPS09000","2023-02",95.7,"2026-08-26 15:43:40 UTC"
"CPS09000","2023-03",96.6,"2026-08-26 15:43:40 UTC"
"CPS09000","2023-04",97.2,"2026-08-26 15:43:40 UTC"
"CPS09000","2023-05",97.1,"2026-08-26 15:43:40 UTC"
"CPS09000","2023-06",97.6,"2026-08-26 15:43:40 UTC"
"CPS09000","2023-07",97.8,"2026-08-26 15:43:40 UTC"
"CPS09000","2023-08",98.1,"2026-08-26 15:43:40 UTC"
"CPS09000","2023-09",98.5,"2026-08-26 15:43:40 UTC"
"CPS09000","2023-10",98.5,"2026-08-26 15:43:40 UTC"
"CPS09000","2023-11",98.6,"2026-08-26 15:43:40 UTC"
"CPS09000","2023-12",98.5,"2026-08-26 15:43:40 UTC"
"CPS09000","2024-01",98.9,"2026-08-26 15:43:40 UTC"
"CPS09000","2024-02",98.9,"2026-08-26 15:43:40 UTC"
"CPS09000","2024-03",99.2,"2026-08-26 15:43:40 UTC"
"CPS09000","2024-04",99.9,"2026-08-26 15:43:40 UTC"
"CPS09000","2024-05",99.9,"2026-08-26 15:43:40 UTC"
"CPS09000","2024-06",99.7,"2026-08-26 15:43:40 UTC"
"CPS09000","2024-07",99.8,"2026-08-26 15:43:40 UTC"
"CPS09000","2024-08",99.9,"2026-08-26 15:43:40 UTC"
"CPS09000","2024-09",99.9,"2026-08-26 15:43:40 UTC"
"CPS09000","2024-10",99.9,"2026-08-26 15:43:40 UTC"
"CPS09000","2024-11",99.7,"2026-08-26 15:43:40 UTC"
"CPS09000","2024-12",100,"2026-08-26 15:43:40 UTC"
"CPS09000","2025-01",100.4,"2026-08-26 15:43:40 UTC"
"CPS09000","2025-02",101,"2026-08-26 15:43:40 UTC"
"CPS09000","2025-03",101.5,"2026-08-26 15:43:40 UTC"
"CPS09000","2025-04",101.6,"2026-08-26 15:43:40 UTC"
"CPS09000","2025-05",101.6,"2026-08-26 15:43:40 UTC"
"CPS09000","2025-06",101.7,"2026-08-26 15:43:40 UTC"
"CPS09000","2025-07",102.3,"2026-08-26 15:43:40 UTC"
"CPS09000","2025-08",102.7,"2026-08-26 15:43:40 UTC"
"CPS09000","2025-09",102.8,"2026-08-26 15:43:40 UTC"
"CPS09000","2025-10",103.3,"2026-08-26 15:43:40 UTC"
"CPS09000","2025-11",102.6,"2026-08-26 15:43:40 UTC"
"CPS09000","2025-12",102.5,"2026-08-26 15:43:40 UTC"
"CPS09000","2026-01",102.8,"2026-08-26 15:43:40 UTC"
"CPS09000","2026-02",103.5,"2026-08-26 15:43:40 UTC"
"CPS09000","2026-03",104.1,"2026-08-26 15:43:40 UTC"
"CPS09000","2026-04",104.3,"2026-08-26 15:43:40 UTC"
"CPS09000","2026-05",105,"2026-08-26 15:43:40 UTC"
"CPS09000","2026-06",105.2,"2026-08-26 15:43:40 UTC"
"CPS09000","2026-07",105.4,"2026-08-26 15:43:40 UTC"
"CPS10100","2008-01",28.4,"2026-08-26 15:43:40 UTC"
"CPS10100","2008-02",28.4,"2026-08-26 15:43:40 UTC"
"CPS10100","2008-03",30.5,"2026-08-26 15:43:40 UTC"
"CPS10100","2008-04",30.5,"2026-08-26 15:43:40 UTC"
"CPS10100","2008-05",30.5,"2026-08-26 15:43:40 UTC"
"CPS10100","2008-06",30.5,"2026-08-26 15:43:40 UTC"
"CPS10100","2008-07",30.5,"2026-08-26 15:43:40 UTC"
"CPS10100","2008-08",30.5,"2026-08-26 15:43:40 UTC"
"CPS10100","2008-09",30.5,"2026-08-26 15:43:40 UTC"
"CPS10100","2008-10",30.5,"2026-08-26 15:43:40 UTC"
"CPS10100","2008-11",30.5,"2026-08-26 15:43:40 UTC"
"CPS10100","2008-12",30.5,"2026-08-26 15:43:40 UTC"
"CPS10100","2009-01",30.5,"2026-08-26 15:43:40 UTC"
"CPS10100","2009-02",30.5,"2026-08-26 15:43:40 UTC"
"CPS10100","2009-03",34.1,"2026-08-26 15:43:40 UTC"
"CPS10100","2009-04",34.1,"2026-08-26 15:43:40 UTC"
"CPS10100","2009-05",34.1,"2026-08-26 15:43:40 UTC"
"CPS10100","2009-06",34.1,"2026-08-26 15:43:40 UTC"
"CPS10100","2009-07",34.1,"2026-08-26 15:43:40 UTC"
"CPS10100","2009-08",34.1,"2026-08-26 15:43:40 UTC"
"CPS10100","2009-09",34.1,"2026-08-26 15:43:40 UTC"
"CPS10100","2009-10",34.1,"2026-08-26 15:43:40 UTC"
"CPS10100","2009-11",34.1,"2026-08-26 15:43:40 UTC"
"CPS10100","2009-12",34.1,"2026-08-26 15:43:40 UTC"
"CPS10100","2010-01",34.1,"2026-08-26 15:43:40 UTC"
"CPS10100","2010-02",34.1,"2026-08-26 15:43:40 UTC"
"CPS10100","2010-03",37.5,"2026-08-26 15:43:40 UTC"
"CPS10100","2010-04",37.5,"2026-08-26 15:43:40 UTC"
"CPS10100","2010-05",37.5,"2026-08-26 15:43:40 UTC"
"CPS10100","2010-06",37.5,"2026-08-26 15:43:40 UTC"
"CPS10100","2010-07",37.5,"2026-08-26 15:43:40 UTC"
"CPS10100","2010-08",37.5,"2026-08-26 15:43:40 UTC"
"CPS10100","2010-09",37.5,"2026-08-26 15:43:40 UTC"
"CPS10100","2010-10",37.5,"2026-08-26 15:43:40 UTC"
"CPS10100","2010-11",37.5,"2026-08-26 15:43:40 UTC"
"CPS10100","2010-12",37.5,"2026-08-26 15:43:40 UTC"
"CPS10100","2011-01",37.5,"2026-08-26 15:43:40 UTC"
"CPS10100","2011-02",37.5,"2026-08-26 15:43:40 UTC"
"CPS10100","2011-03",40.8,"2026-08-26 15:43:40 UTC"
"CPS10100","2011-04",40.8,"2026-08-26 15:43:40 UTC"
"CPS10100","2011-05",40.8,"2026-08-26 15:43:40 UTC"
"CPS10100","2011-06",40.8,"2026-08-26 15:43:40 UTC"
"CPS10100","2011-07",40.8,"2026-08-26 15:43:40 UTC"
"CPS10100","2011-08",40.8,"2026-08-26 15:43:40 UTC"
"CPS10100","2011-09",40.8,"2026-08-26 15:43:40 UTC"
"CPS10100","2011-10",40.8,"2026-08-26 15:43:40 UTC"
"CPS10100","2011-11",40.8,"2026-08-26 15:43:40 UTC"
"CPS10100","2011-12",40.8,"2026-08-26 15:43:40 UTC"
"CPS10100","2012-01",40.8,"2026-08-26 15:43:40 UTC"
"CPS10100","2012-02",40.8,"2026-08-26 15:43:40 UTC"
"CPS10100","2012-03",44.2,"2026-08-26 15:43:40 UTC"
"CPS10100","2012-04",44.2,"2026-08-26 15:43:40 UTC"
"CPS10100","2012-05",44.2,"2026-08-26 15:43:40 UTC"
"CPS10100","2012-06",44.2,"2026-08-26 15:43:40 UTC"
"CPS10100","2012-07",44.2,"2026-08-26 15:43:40 UTC"
"CPS10100","2012-08",44.2,"2026-08-26 15:43:40 UTC"
"CPS10100","2012-09",44.2,"2026-08-26 15:43:40 UTC"
"CPS10100","2012-10",44.2,"2026-08-26 15:43:40 UTC"
"CPS10100","2012-11",44.2,"2026-08-26 15:43:40 UTC"
"CPS10100","2012-12",44.2,"2026-08-26 15:43:40 UTC"
"CPS10100","2013-01",44.2,"2026-08-26 15:43:40 UTC"
"CPS10100","2013-02",44.2,"2026-08-26 15:43:40 UTC"
"CPS10100","2013-03",48.2,"2026-08-26 15:43:40 UTC"
"CPS10100","2013-04",48.2,"2026-08-26 15:43:40 UTC"
"CPS10100","2013-05",48.2,"2026-08-26 15:43:40 UTC"
"CPS10100","2013-06",48.2,"2026-08-26 15:43:40 UTC"
"CPS10100","2013-07",48.2,"2026-08-26 15:43:40 UTC"
"CPS10100","2013-08",48.2,"2026-08-26 15:43:40 UTC"
"CPS10100","2013-09",48.2,"2026-08-26 15:43:40 UTC"
"CPS10100","2013-10",48.2,"2026-08-26 15:43:40 UTC"
"CPS10100","2013-11",48.2,"2026-08-26 15:43:40 UTC"
"CPS10100","2013-12",48.2,"2026-08-26 15:43:40 UTC"
"CPS10100","2014-01",48.2,"2026-08-26 15:43:40 UTC"
"CPS10100","2014-02",48.2,"2026-08-26 15:43:40 UTC"
"CPS10100","2014-03",52.3,"2026-08-26 15:43:40 UTC"
"CPS10100","2014-04",52.3,"2026-08-26 15:43:40 UTC"
"CPS10100","2014-05",52.3,"2026-08-26 15:43:40 UTC"
"CPS10100","2014-06",52.3,"2026-08-26 15:43:40 UTC"
"CPS10100","2014-07",52.3,"2026-08-26 15:43:40 UTC"
"CPS10100","2014-08",52.3,"2026-08-26 15:43:40 UTC"
"CPS10100","2014-09",52.3,"2026-08-26 15:43:40 UTC"
"CPS10100","2014-10",52.3,"2026-08-26 15:43:40 UTC"
"CPS10100","2014-11",52.3,"2026-08-26 15:43:40 UTC"
"CPS10100","2014-12",52.3,"2026-08-26 15:43:40 UTC"
"CPS10100","2015-01",52.3,"2026-08-26 15:43:40 UTC"
"CPS10100","2015-02",52.3,"2026-08-26 15:43:40 UTC"
"CPS10100","2015-03",56.9,"2026-08-26 15:43:40 UTC"
"CPS10100","2015-04",56.9,"2026-08-26 15:43:40 UTC"
"CPS10100","2015-05",56.9,"2026-08-26 15:43:40 UTC"
"CPS10100","2015-06",56.9,"2026-08-26 15:43:40 UTC"
"CPS10100","2015-07",56.9,"2026-08-26 15:43:40 UTC"
"CPS10100","2015-08",56.9,"2026-08-26 15:43:40 UTC"
"CPS10100","2015-09",56.9,"2026-08-26 15:43:40 UTC"
"CPS10100","2015-10",56.9,"2026-08-26 15:43:40 UTC"
"CPS10100","2015-11",56.9,"2026-08-26 15:43:40 UTC"
"CPS10100","2015-12",56.9,"2026-08-26 15:43:40 UTC"
"CPS10100","2016-01",56.9,"2026-08-26 15:43:40 UTC"
"CPS10100","2016-02",56.9,"2026-08-26 15:43:40 UTC"
"CPS10100","2016-03",61.5,"2026-08-26 15:43:40 UTC"
"CPS10100","2016-04",61.5,"2026-08-26 15:43:40 UTC"
"CPS10100","2016-05",61.5,"2026-08-26 15:43:40 UTC"
"CPS10100","2016-06",61.5,"2026-08-26 15:43:40 UTC"
"CPS10100","2016-07",61.5,"2026-08-26 15:43:40 UTC"
"CPS10100","2016-08",61.5,"2026-08-26 15:43:40 UTC"
"CPS10100","2016-09",61.5,"2026-08-26 15:43:40 UTC"
"CPS10100","2016-10",61.5,"2026-08-26 15:43:40 UTC"
"CPS10100","2016-11",61.5,"2026-08-26 15:43:40 UTC"
"CPS10100","2016-12",61.5,"2026-08-26 15:43:40 UTC"
"CPS10100","2017-01",61.5,"2026-08-26 15:43:40 UTC"
"CPS10100","2017-02",61.5,"2026-08-26 15:43:40 UTC"
"CPS10100","2017-03",66.2,"2026-08-26 15:43:40 UTC"
"CPS10100","2017-04",66.2,"2026-08-26 15:43:40 UTC"
"CPS10100","2017-05",66.2,"2026-08-26 15:43:40 UTC"
"CPS10100","2017-06",66.2,"2026-08-26 15:43:40 UTC"
"CPS10100","2017-07",66.2,"2026-08-26 15:43:40 UTC"
"CPS10100","2017-08",66.2,"2026-08-26 15:43:40 UTC"
"CPS10100","2017-09",66.2,"2026-08-26 15:43:40 UTC"
"CPS10100","2017-10",66.2,"2026-08-26 15:43:40 UTC"
"CPS10100","2017-11",66.2,"2026-08-26 15:43:40 UTC"
"CPS10100","2017-12",66.2,"2026-08-26 15:43:40 UTC"
"CPS10100","2018-01",66.2,"2026-08-26 15:43:40 UTC"
"CPS10100","2018-02",66.2,"2026-08-26 15:43:40 UTC"
"CPS10100","2018-03",71.2,"2026-08-26 15:43:40 UTC"
"CPS10100","2018-04",71.2,"2026-08-26 15:43:40 UTC"
"CPS10100","2018-05",71.2,"2026-08-26 15:43:40 UTC"
"CPS10100","2018-06",71.2,"2026-08-26 15:43:40 UTC"
"CPS10100","2018-07",71.2,"2026-08-26 15:43:40 UTC"
"CPS10100","2018-08",71.2,"2026-08-26 15:43:40 UTC"
"CPS10100","2018-09",71.2,"2026-08-26 15:43:40 UTC"
"CPS10100","2018-10",71.2,"2026-08-26 15:43:40 UTC"
"CPS10100","2018-11",71.2,"2026-08-26 15:43:40 UTC"
"CPS10100","2018-12",71.2,"2026-08-26 15:43:40 UTC"
"CPS10100","2019-01",71.2,"2026-08-26 15:43:40 UTC"
"CPS10100","2019-02",71.2,"2026-08-26 15:43:40 UTC"
"CPS10100","2019-03",76.1,"2026-08-26 15:43:40 UTC"
"CPS10100","2019-04",76.1,"2026-08-26 15:43:40 UTC"
"CPS10100","2019-05",76.1,"2026-08-26 15:43:40 UTC"
"CPS10100","2019-06",76.1,"2026-08-26 15:43:40 UTC"
"CPS10100","2019-07",76.1,"2026-08-26 15:43:40 UTC"
"CPS10100","2019-08",76.1,"2026-08-26 15:43:40 UTC"
"CPS10100","2019-09",76.1,"2026-08-26 15:43:40 UTC"
"CPS10100","2019-10",76.1,"2026-08-26 15:43:40 UTC"
"CPS10100","2019-11",76.1,"2026-08-26 15:43:40 UTC"
"CPS10100","2019-12",76.1,"2026-08-26 15:43:40 UTC"
"CPS10100","2020-01",76.1,"2026-08-26 15:43:40 UTC"
"CPS10100","2020-02",76.1,"2026-08-26 15:43:40 UTC"
"CPS10100","2020-03",81.8,"2026-08-26 15:43:40 UTC"
"CPS10100","2020-04",81.8,"2026-08-26 15:43:40 UTC"
"CPS10100","2020-05",81.8,"2026-08-26 15:43:40 UTC"
"CPS10100","2020-06",81.8,"2026-08-26 15:43:40 UTC"
"CPS10100","2020-07",81.8,"2026-08-26 15:43:40 UTC"
"CPS10100","2020-08",81.8,"2026-08-26 15:43:40 UTC"
"CPS10100","2020-09",81.8,"2026-08-26 15:43:40 UTC"
"CPS10100","2020-10",81.8,"2026-08-26 15:43:40 UTC"
"CPS10100","2020-11",81.8,"2026-08-26 15:43:40 UTC"
"CPS10100","2020-12",81.8,"2026-08-26 15:43:40 UTC"
"CPS10100","2021-01",81.8,"2026-08-26 15:43:40 UTC"
"CPS10100","2021-02",81.8,"2026-08-26 15:43:40 UTC"
"CPS10100","2021-03",84.6,"2026-08-26 15:43:40 UTC"
"CPS10100","2021-04",84.6,"2026-08-26 15:43:40 UTC"
"CPS10100","2021-05",84.6,"2026-08-26 15:43:40 UTC"
"CPS10100","2021-06",84.6,"2026-08-26 15:43:40 UTC"
"CPS10100","2021-07",84.6,"2026-08-26 15:43:40 UTC"
"CPS10100","2021-08",84.6,"2026-08-26 15:43:40 UTC"
"CPS10100","2021-09",84.6,"2026-08-26 15:43:40 UTC"
"CPS10100","2021-10",84.6,"2026-08-26 15:43:40 UTC"
"CPS10100","2021-11",84.6,"2026-08-26 15:43:40 UTC"
"CPS10100","2021-12",84.6,"2026-08-26 15:43:40 UTC"
"CPS10100","2022-01",84.6,"2026-08-26 15:43:40 UTC"
"CPS10100","2022-02",84.6,"2026-08-26 15:43:40 UTC"
"CPS10100","2022-03",88.4,"2026-08-26 15:43:40 UTC"
"CPS10100","2022-04",88.4,"2026-08-26 15:43:40 UTC"
"CPS10100","2022-05",88.4,"2026-08-26 15:43:40 UTC"
"CPS10100","2022-06",88.4,"2026-08-26 15:43:40 UTC"
"CPS10100","2022-07",88.4,"2026-08-26 15:43:40 UTC"
"CPS10100","2022-08",88.4,"2026-08-26 15:43:40 UTC"
"CPS10100","2022-09",88.4,"2026-08-26 15:43:40 UTC"
"CPS10100","2022-10",88.4,"2026-08-26 15:43:40 UTC"
"CPS10100","2022-11",88.4,"2026-08-26 15:43:40 UTC"
"CPS10100","2022-12",88.4,"2026-08-26 15:43:40 UTC"
"CPS10100","2023-01",88.4,"2026-08-26 15:43:40 UTC"
"CPS10100","2023-02",88.4,"2026-08-26 15:43:40 UTC"
"CPS10100","2023-03",93.8,"2026-08-26 15:43:40 UTC"
"CPS10100","2023-04",93.8,"2026-08-26 15:43:40 UTC"
"CPS10100","2023-05",93.8,"2026-08-26 15:43:40 UTC"
"CPS10100","2023-06",93.8,"2026-08-26 15:43:40 UTC"
"CPS10100","2023-07",93.8,"2026-08-26 15:43:40 UTC"
"CPS10100","2023-08",93.8,"2026-08-26 15:43:40 UTC"
"CPS10100","2023-09",93.8,"2026-08-26 15:43:40 UTC"
"CPS10100","2023-10",93.8,"2026-08-26 15:43:40 UTC"
"CPS10100","2023-11",93.8,"2026-08-26 15:43:40 UTC"
"CPS10100","2023-12",93.8,"2026-08-26 15:43:40 UTC"
"CPS10100","2024-01",93.8,"2026-08-26 15:43:40 UTC"
"CPS10100","2024-02",93.8,"2026-08-26 15:43:40 UTC"
"CPS10100","2024-03",100,"2026-08-26 15:43:40 UTC"
"CPS10100","2024-04",100,"2026-08-26 15:43:40 UTC"
"CPS10100","2024-05",100,"2026-08-26 15:43:40 UTC"
"CPS10100","2024-06",100,"2026-08-26 15:43:40 UTC"
"CPS10100","2024-07",100,"2026-08-26 15:43:40 UTC"
"CPS10100","2024-08",100,"2026-08-26 15:43:40 UTC"
"CPS10100","2024-09",100,"2026-08-26 15:43:40 UTC"
"CPS10100","2024-10",100,"2026-08-26 15:43:40 UTC"
"CPS10100","2024-11",100,"2026-08-26 15:43:40 UTC"
"CPS10100","2024-12",100,"2026-08-26 15:43:40 UTC"
"CPS10100","2025-01",100,"2026-08-26 15:43:40 UTC"
"CPS10100","2025-02",100,"2026-08-26 15:43:40 UTC"
"CPS10100","2025-03",105,"2026-08-26 15:43:40 UTC"
"CPS10100","2025-04",105,"2026-08-26 15:43:40 UTC"
"CPS10100","2025-05",105,"2026-08-26 15:43:40 UTC"
"CPS10100","2025-06",105,"2026-08-26 15:43:40 UTC"
"CPS10100","2025-07",105,"2026-08-26 15:43:40 UTC"
"CPS10100","2025-08",105,"2026-08-26 15:43:40 UTC"
"CPS10100","2025-09",105,"2026-08-26 15:43:40 UTC"
"CPS10100","2025-10",105,"2026-08-26 15:43:40 UTC"
"CPS10100","2025-11",105,"2026-08-26 15:43:40 UTC"
"CPS10100","2025-12",105,"2026-08-26 15:43:40 UTC"
"CPS10100","2026-01",105,"2026-08-26 15:43:40 UTC"
"CPS10100","2026-02",105,"2026-08-26 15:43:40 UTC"
"CPS10100","2026-03",111.5,"2026-08-26 15:43:40 UTC"
"CPS10100","2026-04",111.5,"2026-08-26 15:43:40 UTC"
"CPS10100","2026-05",111.5,"2026-08-26 15:43:40 UTC"
"CPS10100","2026-06",111.5,"2026-08-26 15:43:40 UTC"
"CPS10100","2026-07",111.5,"2026-08-26 15:43:40 UTC"
"CPS11000","2008-01",38.6,"2026-08-26 15:43:40 UTC"
"CPS11000","2008-02",38.9,"2026-08-26 15:43:40 UTC"
"CPS11000","2008-03",39.6,"2026-08-26 15:43:40 UTC"
"CPS11000","2008-04",39.9,"2026-08-26 15:43:40 UTC"
"CPS11000","2008-05",40.3,"2026-08-26 15:43:40 UTC"
"CPS11000","2008-06",40.7,"2026-08-26 15:43:40 UTC"
"CPS11000","2008-07",41.5,"2026-08-26 15:43:40 UTC"
"CPS11000","2008-08",41.7,"2026-08-26 15:43:40 UTC"
"CPS11000","2008-09",41.9,"2026-08-26 15:43:40 UTC"
"CPS11000","2008-10",42.9,"2026-08-26 15:43:40 UTC"
"CPS11000","2008-11",43.1,"2026-08-26 15:43:40 UTC"
"CPS11000","2008-12",43.5,"2026-08-26 15:43:40 UTC"
"CPS11000","2009-01",43.7,"2026-08-26 15:43:40 UTC"
"CPS11000","2009-02",44.1,"2026-08-26 15:43:40 UTC"
"CPS11000","2009-03",45,"2026-08-26 15:43:40 UTC"
"CPS11000","2009-04",45.2,"2026-08-26 15:43:40 UTC"
"CPS11000","2009-05",45.5,"2026-08-26 15:43:40 UTC"
"CPS11000","2009-06",45.7,"2026-08-26 15:43:40 UTC"
"CPS11000","2009-07",45.8,"2026-08-26 15:43:40 UTC"
"CPS11000","2009-08",45.8,"2026-08-26 15:43:40 UTC"
"CPS11000","2009-09",46,"2026-08-26 15:43:40 UTC"
"CPS11000","2009-10",46.3,"2026-08-26 15:43:40 UTC"
"CPS11000","2009-11",46.4,"2026-08-26 15:43:40 UTC"
"CPS11000","2009-12",46.9,"2026-08-26 15:43:40 UTC"
"CPS11000","2010-01",47.4,"2026-08-26 15:43:40 UTC"
"CPS11000","2010-02",47.5,"2026-08-26 15:43:40 UTC"
"CPS11000","2010-03",48.2,"2026-08-26 15:43:40 UTC"
"CPS11000","2010-04",48.3,"2026-08-26 15:43:40 UTC"
"CPS11000","2010-05",48.5,"2026-08-26 15:43:40 UTC"
"CPS11000","2010-06",50.6,"2026-08-26 15:43:40 UTC"
"CPS11000","2010-07",48.7,"2026-08-26 15:43:40 UTC"
"CPS11000","2010-08",48.7,"2026-08-26 15:43:40 UTC"
"CPS11000","2010-09",49,"2026-08-26 15:43:40 UTC"
"CPS11000","2010-10",49.2,"2026-08-26 15:43:40 UTC"
"CPS11000","2010-11",49.4,"2026-08-26 15:43:40 UTC"
"CPS11000","2010-12",49.5,"2026-08-26 15:43:40 UTC"
"CPS11000","2011-01",49.7,"2026-08-26 15:43:40 UTC"
"CPS11000","2011-02",49.9,"2026-08-26 15:43:40 UTC"
"CPS11000","2011-03",50.5,"2026-08-26 15:43:40 UTC"
"CPS11000","2011-04",50.9,"2026-08-26 15:43:40 UTC"
"CPS11000","2011-05",51,"2026-08-26 15:43:40 UTC"
"CPS11000","2011-06",51.1,"2026-08-26 15:43:40 UTC"
"CPS11000","2011-07",51.3,"2026-08-26 15:43:40 UTC"
"CPS11000","2011-08",51.4,"2026-08-26 15:43:40 UTC"
"CPS11000","2011-09",51.6,"2026-08-26 15:43:40 UTC"
"CPS11000","2011-10",52,"2026-08-26 15:43:40 UTC"
"CPS11000","2011-11",52.1,"2026-08-26 15:43:40 UTC"
"CPS11000","2011-12",52.3,"2026-08-26 15:43:40 UTC"
"CPS11000","2012-01",52.5,"2026-08-26 15:43:40 UTC"
"CPS11000","2012-02",52.7,"2026-08-26 15:43:40 UTC"
"CPS11000","2012-03",53.5,"2026-08-26 15:43:40 UTC"
"CPS11000","2012-04",54,"2026-08-26 15:43:40 UTC"
"CPS11000","2012-05",54.2,"2026-08-26 15:43:40 UTC"
"CPS11000","2012-06",54.4,"2026-08-26 15:43:40 UTC"
"CPS11000","2012-07",54.5,"2026-08-26 15:43:40 UTC"
"CPS11000","2012-08",54.6,"2026-08-26 15:43:40 UTC"
"CPS11000","2012-09",54.7,"2026-08-26 15:43:40 UTC"
"CPS11000","2012-10",54.9,"2026-08-26 15:43:40 UTC"
"CPS11000","2012-11",55.4,"2026-08-26 15:43:40 UTC"
"CPS11000","2012-12",55.8,"2026-08-26 15:43:40 UTC"
"CPS11000","2013-01",56.4,"2026-08-26 15:43:40 UTC"
"CPS11000","2013-02",56.5,"2026-08-26 15:43:40 UTC"
"CPS11000","2013-03",56.8,"2026-08-26 15:43:40 UTC"
"CPS11000","2013-04",57.1,"2026-08-26 15:43:40 UTC"
"CPS11000","2013-05",57.5,"2026-08-26 15:43:40 UTC"
"CPS11000","2013-06",57.6,"2026-08-26 15:43:40 UTC"
"CPS11000","2013-07",58,"2026-08-26 15:43:40 UTC"
"CPS11000","2013-08",58.2,"2026-08-26 15:43:40 UTC"
"CPS11000","2013-09",58.6,"2026-08-26 15:43:40 UTC"
"CPS11000","2013-10",58.8,"2026-08-26 15:43:40 UTC"
"CPS11000","2013-11",59.4,"2026-08-26 15:43:40 UTC"
"CPS11000","2013-12",59.8,"2026-08-26 15:43:40 UTC"
"CPS11000","2014-01",60.5,"2026-08-26 15:43:40 UTC"
"CPS11000","2014-02",60.8,"2026-08-26 15:43:40 UTC"
"CPS11000","2014-03",61.5,"2026-08-26 15:43:40 UTC"
"CPS11000","2014-04",62,"2026-08-26 15:43:40 UTC"
"CPS11000","2014-05",62.2,"2026-08-26 15:43:40 UTC"
"CPS11000","2014-06",62.4,"2026-08-26 15:43:40 UTC"
"CPS11000","2014-07",62.7,"2026-08-26 15:43:40 UTC"
"CPS11000","2014-08",63.2,"2026-08-26 15:43:40 UTC"
"CPS11000","2014-09",63.8,"2026-08-26 15:43:40 UTC"
"CPS11000","2014-10",64,"2026-08-26 15:43:40 UTC"
"CPS11000","2014-11",64.7,"2026-08-26 15:43:40 UTC"
"CPS11000","2014-12",64.9,"2026-08-26 15:43:40 UTC"
"CPS11000","2015-01",64.9,"2026-08-26 15:43:40 UTC"
"CPS11000","2015-02",65.1,"2026-08-26 15:43:40 UTC"
"CPS11000","2015-03",65.7,"2026-08-26 15:43:40 UTC"
"CPS11000","2015-04",65.5,"2026-08-26 15:43:40 UTC"
"CPS11000","2015-05",66.1,"2026-08-26 15:43:40 UTC"
"CPS11000","2015-06",66.3,"2026-08-26 15:43:40 UTC"
"CPS11000","2015-07",66.4,"2026-08-26 15:43:40 UTC"
"CPS11000","2015-08",66.7,"2026-08-26 15:43:40 UTC"
"CPS11000","2015-09",66.9,"2026-08-26 15:43:40 UTC"
"CPS11000","2015-10",67.4,"2026-08-26 15:43:40 UTC"
"CPS11000","2015-11",68.1,"2026-08-26 15:43:40 UTC"
"CPS11000","2015-12",68.2,"2026-08-26 15:43:40 UTC"
"CPS11000","2016-01",68.6,"2026-08-26 15:43:40 UTC"
"CPS11000","2016-02",69.2,"2026-08-26 15:43:40 UTC"
"CPS11000","2016-03",69.5,"2026-08-26 15:43:40 UTC"
"CPS11000","2016-04",69.3,"2026-08-26 15:43:40 UTC"
"CPS11000","2016-05",69.9,"2026-08-26 15:43:40 UTC"
"CPS11000","2016-06",70.4,"2026-08-26 15:43:40 UTC"
"CPS11000","2016-07",70.9,"2026-08-26 15:43:40 UTC"
"CPS11000","2016-08",71.1,"2026-08-26 15:43:40 UTC"
"CPS11000","2016-09",71.4,"2026-08-26 15:43:40 UTC"
"CPS11000","2016-10",71.9,"2026-08-26 15:43:40 UTC"
"CPS11000","2016-11",72.4,"2026-08-26 15:43:40 UTC"
"CPS11000","2016-12",72.9,"2026-08-26 15:43:40 UTC"
"CPS11000","2017-01",72.9,"2026-08-26 15:43:40 UTC"
"CPS11000","2017-02",73.6,"2026-08-26 15:43:40 UTC"
"CPS11000","2017-03",73.8,"2026-08-26 15:43:40 UTC"
"CPS11000","2017-04",73.7,"2026-08-26 15:43:40 UTC"
"CPS11000","2017-05",73.2,"2026-08-26 15:43:40 UTC"
"CPS11000","2017-06",73.4,"2026-08-26 15:43:40 UTC"
"CPS11000","2017-07",73.9,"2026-08-26 15:43:40 UTC"
"CPS11000","2017-08",74.1,"2026-08-26 15:43:40 UTC"
"CPS11000","2017-09",73.9,"2026-08-26 15:43:40 UTC"
"CPS11000","2017-10",74.3,"2026-08-26 15:43:40 UTC"
"CPS11000","2017-11",74.8,"2026-08-26 15:43:40 UTC"
"CPS11000","2017-12",75.2,"2026-08-26 15:43:40 UTC"
"CPS11000","2018-01",75.4,"2026-08-26 15:43:40 UTC"
"CPS11000","2018-02",75.9,"2026-08-26 15:43:40 UTC"
"CPS11000","2018-03",75.9,"2026-08-26 15:43:40 UTC"
"CPS11000","2018-04",76.9,"2026-08-26 15:43:40 UTC"
"CPS11000","2018-05",76.9,"2026-08-26 15:43:40 UTC"
"CPS11000","2018-06",76.6,"2026-08-26 15:43:40 UTC"
"CPS11000","2018-07",76.9,"2026-08-26 15:43:40 UTC"
"CPS11000","2018-08",77.1,"2026-08-26 15:43:40 UTC"
"CPS11000","2018-09",77.3,"2026-08-26 15:43:40 UTC"
"CPS11000","2018-10",77.4,"2026-08-26 15:43:40 UTC"
"CPS11000","2018-11",77.9,"2026-08-26 15:43:40 UTC"
"CPS11000","2018-12",77.9,"2026-08-26 15:43:40 UTC"
"CPS11000","2019-01",78.2,"2026-08-26 15:43:40 UTC"
"CPS11000","2019-02",78.9,"2026-08-26 15:43:40 UTC"
"CPS11000","2019-03",79.2,"2026-08-26 15:43:40 UTC"
"CPS11000","2019-04",79,"2026-08-26 15:43:40 UTC"
"CPS11000","2019-05",79.4,"2026-08-26 15:43:40 UTC"
"CPS11000","2019-06",79.4,"2026-08-26 15:43:40 UTC"
"CPS11000","2019-07",79.1,"2026-08-26 15:43:40 UTC"
"CPS11000","2019-08",79.4,"2026-08-26 15:43:40 UTC"
"CPS11000","2019-09",79.9,"2026-08-26 15:43:40 UTC"
"CPS11000","2019-10",79.9,"2026-08-26 15:43:40 UTC"
"CPS11000","2019-11",80.3,"2026-08-26 15:43:40 UTC"
"CPS11000","2019-12",80.2,"2026-08-26 15:43:40 UTC"
"CPS11000","2020-01",80,"2026-08-26 15:43:40 UTC"
"CPS11000","2020-02",80.3,"2026-08-26 15:43:40 UTC"
"CPS11000","2020-03",80.3,"2026-08-26 15:43:40 UTC"
"CPS11000","2020-04",79.9,"2026-08-26 15:43:40 UTC"
"CPS11000","2020-05",79.4,"2026-08-26 15:43:40 UTC"
"CPS11000","2020-06",79.5,"2026-08-26 15:43:40 UTC"
"CPS11000","2020-07",80,"2026-08-26 15:43:40 UTC"
"CPS11000","2020-08",79.9,"2026-08-26 15:43:40 UTC"
"CPS11000","2020-09",79.4,"2026-08-26 15:43:40 UTC"
"CPS11000","2020-10",79.6,"2026-08-26 15:43:40 UTC"
"CPS11000","2020-11",80.3,"2026-08-26 15:43:40 UTC"
"CPS11000","2020-12",79.9,"2026-08-26 15:43:40 UTC"
"CPS11000","2021-01",80.3,"2026-08-26 15:43:40 UTC"
"CPS11000","2021-02",79.9,"2026-08-26 15:43:40 UTC"
"CPS11000","2021-03",80.3,"2026-08-26 15:43:40 UTC"
"CPS11000","2021-04",81.4,"2026-08-26 15:43:40 UTC"
"CPS11000","2021-05",81.3,"2026-08-26 15:43:40 UTC"
"CPS11000","2021-06",81.7,"2026-08-26 15:43:40 UTC"
"CPS11000","2021-07",81.8,"2026-08-26 15:43:40 UTC"
"CPS11000","2021-08",82.1,"2026-08-26 15:43:40 UTC"
"CPS11000","2021-09",81.9,"2026-08-26 15:43:40 UTC"
"CPS11000","2021-10",82.9,"2026-08-26 15:43:40 UTC"
"CPS11000","2021-11",83.3,"2026-08-26 15:43:40 UTC"
"CPS11000","2021-12",83.3,"2026-08-26 15:43:40 UTC"
"CPS11000","2022-01",84.3,"2026-08-26 15:43:40 UTC"
"CPS11000","2022-02",84.8,"2026-08-26 15:43:40 UTC"
"CPS11000","2022-03",85.8,"2026-08-26 15:43:40 UTC"
"CPS11000","2022-04",86,"2026-08-26 15:43:40 UTC"
"CPS11000","2022-05",86.4,"2026-08-26 15:43:40 UTC"
"CPS11000","2022-06",86.8,"2026-08-26 15:43:40 UTC"
"CPS11000","2022-07",87.1,"2026-08-26 15:43:40 UTC"
"CPS11000","2022-08",86.8,"2026-08-26 15:43:40 UTC"
"CPS11000","2022-09",88.4,"2026-08-26 15:43:40 UTC"
"CPS11000","2022-10",89.4,"2026-08-26 15:43:40 UTC"
"CPS11000","2022-11",89.9,"2026-08-26 15:43:40 UTC"
"CPS11000","2022-12",89.8,"2026-08-26 15:43:40 UTC"
"CPS11000","2023-01",88.9,"2026-08-26 15:43:40 UTC"
"CPS11000","2023-02",90.6,"2026-08-26 15:43:40 UTC"
"CPS11000","2023-03",91.3,"2026-08-26 15:43:40 UTC"
"CPS11000","2023-04",90.4,"2026-08-26 15:43:40 UTC"
"CPS11000","2023-05",91.9,"2026-08-26 15:43:40 UTC"
"CPS11000","2023-06",91.6,"2026-08-26 15:43:40 UTC"
"CPS11000","2023-07",91.6,"2026-08-26 15:43:40 UTC"
"CPS11000","2023-08",92.4,"2026-08-26 15:43:40 UTC"
"CPS11000","2023-09",92.2,"2026-08-26 15:43:40 UTC"
"CPS11000","2023-10",95.1,"2026-08-26 15:43:40 UTC"
"CPS11000","2023-11",95.6,"2026-08-26 15:43:40 UTC"
"CPS11000","2023-12",96,"2026-08-26 15:43:40 UTC"
"CPS11000","2024-01",96,"2026-08-26 15:43:40 UTC"
"CPS11000","2024-02",96.6,"2026-08-26 15:43:40 UTC"
"CPS11000","2024-03",96.5,"2026-08-26 15:43:40 UTC"
"CPS11000","2024-04",97.2,"2026-08-26 15:43:40 UTC"
"CPS11000","2024-05",97.9,"2026-08-26 15:43:40 UTC"
"CPS11000","2024-06",98.5,"2026-08-26 15:43:40 UTC"
"CPS11000","2024-07",98.1,"2026-08-26 15:43:40 UTC"
"CPS11000","2024-08",98.5,"2026-08-26 15:43:40 UTC"
"CPS11000","2024-09",99,"2026-08-26 15:43:40 UTC"
"CPS11000","2024-10",100.7,"2026-08-26 15:43:40 UTC"
"CPS11000","2024-11",101.2,"2026-08-26 15:43:40 UTC"
"CPS11000","2024-12",100,"2026-08-26 15:43:40 UTC"
"CPS11000","2025-01",100.7,"2026-08-26 15:43:40 UTC"
"CPS11000","2025-02",101,"2026-08-26 15:43:40 UTC"
"CPS11000","2025-03",100.6,"2026-08-26 15:43:40 UTC"
"CPS11000","2025-04",100.1,"2026-08-26 15:43:40 UTC"
"CPS11000","2025-05",99.7,"2026-08-26 15:43:40 UTC"
"CPS11000","2025-06",100.5,"2026-08-26 15:43:40 UTC"
"CPS11000","2025-07",101,"2026-08-26 15:43:40 UTC"
"CPS11000","2025-08",101.1,"2026-08-26 15:43:40 UTC"
"CPS11000","2025-09",102,"2026-08-26 15:43:40 UTC"
"CPS11000","2025-10",102.8,"2026-08-26 15:43:40 UTC"
"CPS11000","2025-11",103.5,"2026-08-26 15:43:40 UTC"
"CPS11000","2025-12",102.9,"2026-08-26 15:43:40 UTC"
"CPS11000","2026-01",104.2,"2026-08-26 15:43:40 UTC"
"CPS11000","2026-02",104.8,"2026-08-26 15:43:40 UTC"
"CPS11000","2026-03",106.5,"2026-08-26 15:43:40 UTC"
"CPS11000","2026-04",105.3,"2026-08-26 15:43:40 UTC"
"CPS11000","2026-05",105.5,"2026-08-26 15:43:40 UTC"
"CPS11000","2026-06",105.6,"2026-08-26 15:43:40 UTC"
"CPS11000","2026-07",106.3,"2026-08-26 15:43:40 UTC"
"CPS12000","2024-12",100,"2026-08-26 15:43:40 UTC"
"CPS12000","2025-01",100.9,"2026-08-26 15:43:40 UTC"
"CPS12000","2025-02",107,"2026-08-26 15:43:40 UTC"
"CPS12000","2025-03",107,"2026-08-26 15:43:40 UTC"
"CPS12000","2025-04",107.1,"2026-08-26 15:43:40 UTC"
"CPS12000","2025-05",107.1,"2026-08-26 15:43:40 UTC"
"CPS12000","2025-06",107,"2026-08-26 15:43:40 UTC"
"CPS12000","2025-07",107.1,"2026-08-26 15:43:40 UTC"
"CPS12000","2025-08",107.1,"2026-08-26 15:43:40 UTC"
"CPS12000","2025-09",107.1,"2026-08-26 15:43:40 UTC"
"CPS12000","2025-10",107.1,"2026-08-26 15:43:40 UTC"
"CPS12000","2025-11",107.1,"2026-08-26 15:43:40 UTC"
"CPS12000","2025-12",107,"2026-08-26 15:43:40 UTC"
"CPS12000","2026-01",107.8,"2026-08-26 15:43:40 UTC"
"CPS12000","2026-02",112,"2026-08-26 15:43:40 UTC"
"CPS12000","2026-03",111.9,"2026-08-26 15:43:40 UTC"
"CPS12000","2026-04",113.2,"2026-08-26 15:43:40 UTC"
"CPS12000","2026-05",113.2,"2026-08-26 15:43:40 UTC"
"CPS12000","2026-06",113.3,"2026-08-26 15:43:40 UTC"
"CPS12000","2026-07",113.2,"2026-08-26 15:43:40 UTC"
"CPS13000","2008-01",35.1,"2026-08-26 15:43:40 UTC"
"CPS13000","2008-02",36.1,"2026-08-26 15:43:40 UTC"
"CPS13000","2008-03",36.3,"2026-08-26 15:43:40 UTC"
"CPS13000","2008-04",36.5,"2026-08-26 15:43:40 UTC"
"CPS13000","2008-05",36.5,"2026-08-26 15:43:40 UTC"
"CPS13000","2008-06",36.5,"2026-08-26 15:43:40 UTC"
"CPS13000","2008-07",36.8,"2026-08-26 15:43:40 UTC"
"CPS13000","2008-08",37,"2026-08-26 15:43:40 UTC"
"CPS13000","2008-09",37.4,"2026-08-26 15:43:40 UTC"
"CPS13000","2008-10",37.8,"2026-08-26 15:43:40 UTC"
"CPS13000","2008-11",37.8,"2026-08-26 15:43:40 UTC"
"CPS13000","2008-12",37.8,"2026-08-26 15:43:40 UTC"
"CPS13000","2009-01",38.9,"2026-08-26 15:43:40 UTC"
"CPS13000","2009-02",40.3,"2026-08-26 15:43:40 UTC"
"CPS13000","2009-03",40.6,"2026-08-26 15:43:40 UTC"
"CPS13000","2009-04",40.7,"2026-08-26 15:43:40 UTC"
"CPS13000","2009-05",40.8,"2026-08-26 15:43:40 UTC"
"CPS13000","2009-06",40.8,"2026-08-26 15:43:40 UTC"
"CPS13000","2009-07",41.6,"2026-08-26 15:43:40 UTC"
"CPS13000","2009-08",41.6,"2026-08-26 15:43:40 UTC"
"CPS13000","2009-09",41.8,"2026-08-26 15:43:40 UTC"
"CPS13000","2009-10",41.8,"2026-08-26 15:43:40 UTC"
"CPS13000","2009-11",41.8,"2026-08-26 15:43:40 UTC"
"CPS13000","2009-12",41.8,"2026-08-26 15:43:40 UTC"
"CPS13000","2010-01",42.4,"2026-08-26 15:43:40 UTC"
"CPS13000","2010-02",44,"2026-08-26 15:43:40 UTC"
"CPS13000","2010-03",44.2,"2026-08-26 15:43:40 UTC"
"CPS13000","2010-04",44.2,"2026-08-26 15:43:40 UTC"
"CPS13000","2010-05",44.2,"2026-08-26 15:43:40 UTC"
"CPS13000","2010-06",43.8,"2026-08-26 15:43:40 UTC"
"CPS13000","2010-07",44,"2026-08-26 15:43:40 UTC"
"CPS13000","2010-08",44,"2026-08-26 15:43:40 UTC"
"CPS13000","2010-09",43.8,"2026-08-26 15:43:40 UTC"
"CPS13000","2010-10",43.9,"2026-08-26 15:43:40 UTC"
"CPS13000","2010-11",44,"2026-08-26 15:43:40 UTC"
"CPS13000","2010-12",43.9,"2026-08-26 15:43:40 UTC"
"CPS13000","2011-01",44,"2026-08-26 15:43:40 UTC"
"CPS13000","2011-02",45.3,"2026-08-26 15:43:40 UTC"
"CPS13000","2011-03",45.5,"2026-08-26 15:43:40 UTC"
"CPS13000","2011-04",45.7,"2026-08-26 15:43:40 UTC"
"CPS13000","2011-05",45.7,"2026-08-26 15:43:40 UTC"
"CPS13000","2011-06",45.7,"2026-08-26 15:43:40 UTC"
"CPS13000","2011-07",45.9,"2026-08-26 15:43:40 UTC"
"CPS13000","2011-08",45.9,"2026-08-26 15:43:40 UTC"
"CPS13000","2011-09",45.8,"2026-08-26 15:43:40 UTC"
"CPS13000","2011-10",46,"2026-08-26 15:43:40 UTC"
"CPS13000","2011-11",46,"2026-08-26 15:43:40 UTC"
"CPS13000","2011-12",46,"2026-08-26 15:43:40 UTC"
"CPS13000","2012-01",46.5,"2026-08-26 15:43:40 UTC"
"CPS13000","2012-02",47.8,"2026-08-26 15:43:40 UTC"
"CPS13000","2012-03",48,"2026-08-26 15:43:40 UTC"
"CPS13000","2012-04",48.2,"2026-08-26 15:43:40 UTC"
"CPS13000","2012-05",48.2,"2026-08-26 15:43:40 UTC"
"CPS13000","2012-06",48.2,"2026-08-26 15:43:40 UTC"
"CPS13000","2012-07",48.2,"2026-08-26 15:43:40 UTC"
"CPS13000","2012-08",48.3,"2026-08-26 15:43:40 UTC"
"CPS13000","2012-09",48.2,"2026-08-26 15:43:40 UTC"
"CPS13000","2012-10",48.5,"2026-08-26 15:43:40 UTC"
"CPS13000","2012-11",48.5,"2026-08-26 15:43:40 UTC"
"CPS13000","2012-12",48.6,"2026-08-26 15:43:40 UTC"
"CPS13000","2013-01",48.8,"2026-08-26 15:43:40 UTC"
"CPS13000","2013-02",51.4,"2026-08-26 15:43:40 UTC"
"CPS13000","2013-03",51.6,"2026-08-26 15:43:40 UTC"
"CPS13000","2013-04",51.8,"2026-08-26 15:43:40 UTC"
"CPS13000","2013-05",51.7,"2026-08-26 15:43:40 UTC"
"CPS13000","2013-06",51.7,"2026-08-26 15:43:40 UTC"
"CPS13000","2013-07",51.9,"2026-08-26 15:43:40 UTC"
"CPS13000","2013-08",52,"2026-08-26 15:43:40 UTC"
"CPS13000","2013-09",52,"2026-08-26 15:43:40 UTC"
"CPS13000","2013-10",52,"2026-08-26 15:43:40 UTC"
"CPS13000","2013-11",52,"2026-08-26 15:43:40 UTC"
"CPS13000","2013-12",52,"2026-08-26 15:43:40 UTC"
"CPS13000","2014-01",52.2,"2026-08-26 15:43:40 UTC"
"CPS13000","2014-02",54.7,"2026-08-26 15:43:40 UTC"
"CPS13000","2014-03",54.9,"2026-08-26 15:43:40 UTC"
"CPS13000","2014-04",55.2,"2026-08-26 15:43:40 UTC"
"CPS13000","2014-05",55.3,"2026-08-26 15:43:40 UTC"
"CPS13000","2014-06",55.3,"2026-08-26 15:43:40 UTC"
"CPS13000","2014-07",55.5,"2026-08-26 15:43:40 UTC"
"CPS13000","2014-08",55.5,"2026-08-26 15:43:40 UTC"
"CPS13000","2014-09",55.5,"2026-08-26 15:43:40 UTC"
"CPS13000","2014-10",55.5,"2026-08-26 15:43:40 UTC"
"CPS13000","2014-11",55.6,"2026-08-26 15:43:40 UTC"
"CPS13000","2014-12",55.7,"2026-08-26 15:43:40 UTC"
"CPS13000","2015-01",56,"2026-08-26 15:43:40 UTC"
"CPS13000","2015-02",58.9,"2026-08-26 15:43:40 UTC"
"CPS13000","2015-03",59.1,"2026-08-26 15:43:40 UTC"
"CPS13000","2015-04",59.2,"2026-08-26 15:43:40 UTC"
"CPS13000","2015-05",59.4,"2026-08-26 15:43:40 UTC"
"CPS13000","2015-06",59.3,"2026-08-26 15:43:40 UTC"
"CPS13000","2015-07",59.4,"2026-08-26 15:43:40 UTC"
"CPS13000","2015-08",59.4,"2026-08-26 15:43:40 UTC"
"CPS13000","2015-09",59.4,"2026-08-26 15:43:40 UTC"
"CPS13000","2015-10",59.4,"2026-08-26 15:43:40 UTC"
"CPS13000","2015-11",59.4,"2026-08-26 15:43:40 UTC"
"CPS13000","2015-12",59.4,"2026-08-26 15:43:40 UTC"
"CPS13000","2016-01",59.9,"2026-08-26 15:43:40 UTC"
"CPS13000","2016-02",63,"2026-08-26 15:43:40 UTC"
"CPS13000","2016-03",63,"2026-08-26 15:43:40 UTC"
"CPS13000","2016-04",63.4,"2026-08-26 15:43:40 UTC"
"CPS13000","2016-05",63.4,"2026-08-26 15:43:40 UTC"
"CPS13000","2016-06",63.5,"2026-08-26 15:43:40 UTC"
"CPS13000","2016-07",63.5,"2026-08-26 15:43:40 UTC"
"CPS13000","2016-08",63.6,"2026-08-26 15:43:40 UTC"
"CPS13000","2016-09",63.7,"2026-08-26 15:43:40 UTC"
"CPS13000","2016-10",63.9,"2026-08-26 15:43:40 UTC"
"CPS13000","2016-11",63.9,"2026-08-26 15:43:40 UTC"
"CPS13000","2016-12",63.9,"2026-08-26 15:43:40 UTC"
"CPS13000","2017-01",64.5,"2026-08-26 15:43:40 UTC"
"CPS13000","2017-02",67.6,"2026-08-26 15:43:40 UTC"
"CPS13000","2017-03",67.8,"2026-08-26 15:43:40 UTC"
"CPS13000","2017-04",68,"2026-08-26 15:43:40 UTC"
"CPS13000","2017-05",68,"2026-08-26 15:43:40 UTC"
"CPS13000","2017-06",68.1,"2026-08-26 15:43:40 UTC"
"CPS13000","2017-07",68.5,"2026-08-26 15:43:40 UTC"
"CPS13000","2017-08",68.5,"2026-08-26 15:43:40 UTC"
"CPS13000","2017-09",68.5,"2026-08-26 15:43:40 UTC"
"CPS13000","2017-10",68.5,"2026-08-26 15:43:40 UTC"
"CPS13000","2017-11",68.5,"2026-08-26 15:43:40 UTC"
"CPS13000","2017-12",68.5,"2026-08-26 15:43:40 UTC"
"CPS13000","2018-01",69,"2026-08-26 15:43:40 UTC"
"CPS13000","2018-02",71.9,"2026-08-26 15:43:40 UTC"
"CPS13000","2018-03",72,"2026-08-26 15:43:40 UTC"
"CPS13000","2018-04",72.2,"2026-08-26 15:43:40 UTC"
"CPS13000","2018-05",72.3,"2026-08-26 15:43:40 UTC"
"CPS13000","2018-06",72.3,"2026-08-26 15:43:40 UTC"
"CPS13000","2018-07",72.3,"2026-08-26 15:43:40 UTC"
"CPS13000","2018-08",72.3,"2026-08-26 15:43:40 UTC"
"CPS13000","2018-09",72.3,"2026-08-26 15:43:40 UTC"
"CPS13000","2018-10",72.3,"2026-08-26 15:43:40 UTC"
"CPS13000","2018-11",72.3,"2026-08-26 15:43:40 UTC"
"CPS13000","2018-12",72.3,"2026-08-26 15:43:40 UTC"
"CPS13000","2019-01",72.6,"2026-08-26 15:43:40 UTC"
"CPS13000","2019-02",75.8,"2026-08-26 15:43:40 UTC"
"CPS13000","2019-03",75.9,"2026-08-26 15:43:40 UTC"
"CPS13000","2019-04",76.1,"2026-08-26 15:43:40 UTC"
"CPS13000","2019-05",76.1,"2026-08-26 15:43:40 UTC"
"CPS13000","2019-06",76.2,"2026-08-26 15:43:40 UTC"
"CPS13000","2019-07",76.4,"2026-08-26 15:43:40 UTC"
"CPS13000","2019-08",76.4,"2026-08-26 15:43:40 UTC"
"CPS13000","2019-09",76.4,"2026-08-26 15:43:40 UTC"
"CPS13000","2019-10",76.4,"2026-08-26 15:43:40 UTC"
"CPS13000","2019-11",76.4,"2026-08-26 15:43:40 UTC"
"CPS13000","2019-12",76.2,"2026-08-26 15:43:40 UTC"
"CPS13000","2020-01",76.8,"2026-08-26 15:43:40 UTC"
"CPS13000","2020-02",80.5,"2026-08-26 15:43:40 UTC"
"CPS13000","2020-03",80.8,"2026-08-26 15:43:40 UTC"
"CPS13000","2020-04",81,"2026-08-26 15:43:40 UTC"
"CPS13000","2020-05",80.9,"2026-08-26 15:43:40 UTC"
"CPS13000","2020-06",80.9,"2026-08-26 15:43:40 UTC"
"CPS13000","2020-07",81.5,"2026-08-26 15:43:40 UTC"
"CPS13000","2020-08",81.5,"2026-08-26 15:43:40 UTC"
"CPS13000","2020-09",81.4,"2026-08-26 15:43:40 UTC"
"CPS13000","2020-10",81.5,"2026-08-26 15:43:40 UTC"
"CPS13000","2020-11",81.5,"2026-08-26 15:43:40 UTC"
"CPS13000","2020-12",81.5,"2026-08-26 15:43:40 UTC"
"CPS13000","2021-01",81.8,"2026-08-26 15:43:40 UTC"
"CPS13000","2021-02",83.7,"2026-08-26 15:43:40 UTC"
"CPS13000","2021-03",83.9,"2026-08-26 15:43:40 UTC"
"CPS13000","2021-04",84.2,"2026-08-26 15:43:40 UTC"
"CPS13000","2021-05",84.2,"2026-08-26 15:43:40 UTC"
"CPS13000","2021-06",84.2,"2026-08-26 15:43:40 UTC"
"CPS13000","2021-07",84.9,"2026-08-26 15:43:40 UTC"
"CPS13000","2021-08",84.9,"2026-08-26 15:43:40 UTC"
"CPS13000","2021-09",84.9,"2026-08-26 15:43:40 UTC"
"CPS13000","2021-10",84.9,"2026-08-26 15:43:40 UTC"
"CPS13000","2021-11",84.9,"2026-08-26 15:43:40 UTC"
"CPS13000","2021-12",85,"2026-08-26 15:43:40 UTC"
"CPS13000","2022-01",85.5,"2026-08-26 15:43:40 UTC"
"CPS13000","2022-02",86.3,"2026-08-26 15:43:40 UTC"
"CPS13000","2022-03",86.6,"2026-08-26 15:43:40 UTC"
"CPS13000","2022-04",87.4,"2026-08-26 15:43:40 UTC"
"CPS13000","2022-05",87.5,"2026-08-26 15:43:40 UTC"
"CPS13000","2022-06",87.6,"2026-08-26 15:43:40 UTC"
"CPS13000","2022-07",87.9,"2026-08-26 15:43:40 UTC"
"CPS13000","2022-08",88,"2026-08-26 15:43:40 UTC"
"CPS13000","2022-09",88.3,"2026-08-26 15:43:40 UTC"
"CPS13000","2022-10",89,"2026-08-26 15:43:40 UTC"
"CPS13000","2022-11",89,"2026-08-26 15:43:40 UTC"
"CPS13000","2022-12",89.2,"2026-08-26 15:43:40 UTC"
"CPS13000","2023-01",89.6,"2026-08-26 15:43:40 UTC"
"CPS13000","2023-02",91.6,"2026-08-26 15:43:40 UTC"
"CPS13000","2023-03",91.8,"2026-08-26 15:43:40 UTC"
"CPS13000","2023-04",92.9,"2026-08-26 15:43:40 UTC"
"CPS13000","2023-05",93,"2026-08-26 15:43:40 UTC"
"CPS13000","2023-06",93.2,"2026-08-26 15:43:40 UTC"
"CPS13000","2023-07",93.5,"2026-08-26 15:43:40 UTC"
"CPS13000","2023-08",93.5,"2026-08-26 15:43:40 UTC"
"CPS13000","2023-09",93.5,"2026-08-26 15:43:40 UTC"
"CPS13000","2023-10",93.7,"2026-08-26 15:43:40 UTC"
"CPS13000","2023-11",93.8,"2026-08-26 15:43:40 UTC"
"CPS13000","2023-12",93.8,"2026-08-26 15:43:40 UTC"
"CPS13000","2024-01",94.5,"2026-08-26 15:43:40 UTC"
"CPS13000","2024-02",99.3,"2026-08-26 15:43:40 UTC"
"CPS13000","2024-03",99.6,"2026-08-26 15:43:40 UTC"
"CPS13000","2024-04",99.7,"2026-08-26 15:43:40 UTC"
"CPS13000","2024-05",99.7,"2026-08-26 15:43:40 UTC"
"CPS13000","2024-06",99.7,"2026-08-26 15:43:40 UTC"
"CPS13000","2024-07",100,"2026-08-26 15:43:40 UTC"
"CPS13000","2024-08",100,"2026-08-26 15:43:40 UTC"
"CPS13000","2024-09",100,"2026-08-26 15:43:40 UTC"
"CPS13000","2024-10",100.1,"2026-08-26 15:43:40 UTC"
"CPS13000","2024-11",100,"2026-08-26 15:43:40 UTC"
"CPS13000","2024-12",100,"2026-08-26 15:43:40 UTC"
"CPS13000","2025-01",100.1,"2026-08-26 15:43:40 UTC"
"CPS13000","2025-02",100.4,"2026-08-26 15:43:40 UTC"
"CPS13000","2025-03",101.1,"2026-08-26 15:43:40 UTC"
"CPS13000","2025-04",101.3,"2026-08-26 15:43:40 UTC"
"CPS13000","2025-05",101.4,"2026-08-26 15:43:40 UTC"
"CPS13000","2025-06",101.5,"2026-08-26 15:43:40 UTC"
"CPS13000","2025-07",102.2,"2026-08-26 15:43:40 UTC"
"CPS13000","2025-08",102.6,"2026-08-26 15:43:40 UTC"
"CPS13000","2025-09",102.8,"2026-08-26 15:43:40 UTC"
"CPS13000","2025-10",102.9,"2026-08-26 15:43:40 UTC"
"CPS13000","2025-11",102.7,"2026-08-26 15:43:40 UTC"
"CPS13000","2025-12",102.6,"2026-08-26 15:43:40 UTC"
"CPS13000","2026-01",103.3,"2026-08-26 15:43:40 UTC"
"CPS13000","2026-02",103.2,"2026-08-26 15:43:40 UTC"
"CPS13000","2026-03",103.9,"2026-08-26 15:43:40 UTC"
"CPS13000","2026-04",104.6,"2026-08-26 15:43:40 UTC"
"CPS13000","2026-05",104.7,"2026-08-26 15:43:40 UTC"
"CPS13000","2026-06",104.8,"2026-08-26 15:43:40 UTC"
"CPS13000","2026-07",105.2,"2026-08-26 15:43:40 UTC"
